Time (s),Current (A)
1e-12,3.5138855149403746e-10
2e-12,3.5215918462495666e-10
0,-8.417869151173787e-22
3e-12,3.53707198727295e-10
1e-12,-8.417869151173787e-22
4e-12,3.560431790104591e-10
2e-12,-7.649291615341393e-22
5e-12,3.5917073327418844e-10
3e-12,-6.25110782970757e-22
5.9999999999999995e-12,3.630378667240378e-10
4e-12,-4.510840497077179e-22
6.999999999999999e-12,3.673689004247359e-10
5e-12,-2.822609607659038e-22
8e-12,3.7125485174912953e-10
5.9999999999999995e-12,-1.5211815349467306e-22
9e-12,3.725227738709955e-10
6.999999999999999e-12,-7.179894201070699e-23
1e-11,3.677301833642581e-10
8e-12,-3.1800718110021656e-23
1.0999999999999999e-11,3.545340404263565e-10
9e-12,-1.658558685857292e-23
1.1999999999999999e-11,3.3539932575237794e-10
1.2999999999999999e-11,3.168827607759729e-10
1e-11,-1.5457949016855035e-23
1.3999999999999999e-11,3.0387970247616924e-10
1.0999999999999999e-11,-2.5792201066248787e-23
1.5e-11,2.9695552043768786e-10
1.1999999999999999e-11,-5.432997547730439e-23
1.6e-11,2.941967505915045e-10
1.2999999999999999e-11,-1.189692354865149e-22
1.7e-11,2.958197973301571e-10
1.3999999999999999e-11,-2.3254044607942997e-22
1.8e-11,2.980932013131977e-10
1.5e-11,-3.4644821886503154e-22
1.9e-11,3.009411445048619e-10
1.6e-11,-3.9079569912700445e-22
2e-11,3.0435855167717556e-10
1.7e-11,-4.0642788612465336e-22
2.1e-11,3.0830998798976706e-10
1.8e-11,-5.5076860266747305e-22
2.1999999999999998e-11,3.1268486831776995e-10
1.9e-11,-1.0761482212117133e-21
2.2999999999999998e-11,3.172746173648681e-10
2e-11,-1.8849475060195917e-21
2.3999999999999998e-11,3.217854272089482e-10
2.1e-11,-2.3511816741771585e-21
2.4999999999999998e-11,3.259029250427306e-10
2.1999999999999998e-11,-2.4595483159448244e-21
2.5999999999999997e-11,3.2937689326526254e-10
2.6999999999999997e-11,3.3208680499992175e-10
2.2999999999999998e-11,-2.436535672256716e-21
2.7999999999999997e-11,3.340496190085276e-10
2.3999999999999998e-11,-2.408108806537342e-21
2.8999999999999997e-11,3.3533439650665314e-10
2.4999999999999998e-11,-2.373983318678123e-21
2.5999999999999997e-11,-2.3356423920892136e-21
3e-11,3.3609992784828294e-10
3.1e-11,3.364702520559135e-10
2.6999999999999997e-11,-2.2969358914378e-21
3.2000000000000006e-11,3.365326821544295e-10
2.7999999999999997e-11,-2.256500062220216e-21
3.300000000000001e-11,3.363279336351074e-10
2.8999999999999997e-11,-2.1949445321707246e-21
3.400000000000001e-11,3.3586934425544266e-10
3e-11,-2.0791602969241903e-21
3.5000000000000015e-11,3.352122308312339e-10
3.1e-11,-1.9467187526675294e-21
3.600000000000002e-11,3.3450423193007356e-10
3.2000000000000006e-11,-1.8087375526895024e-21
3.700000000000002e-11,3.3393992173815513e-10
3.300000000000001e-11,-1.6788362899869744e-21
3.8000000000000024e-11,3.336359464406676e-10
3.400000000000001e-11,-1.5694801736187195e-21
3.900000000000003e-11,3.3357685501815305e-10
3.5000000000000015e-11,-1.4867098365600067e-21
4.000000000000003e-11,3.33693319842047e-10
3.600000000000002e-11,-1.4295815869471698e-21
4.100000000000003e-11,3.34012515578903e-10
3.700000000000002e-11,-1.4168857727500573e-21
4.2000000000000036e-11,3.353665172830349e-10
3.8000000000000024e-11,-1.4195538426414886e-21
4.300000000000004e-11,3.4154039068697476e-10
3.900000000000003e-11,-1.4236115108658733e-21
4.400000000000004e-11,3.628439003552847e-10
4.5000000000000045e-11,4.163137995724664e-10
4.000000000000003e-11,-1.4297299759673031e-21
4.600000000000005e-11,4.87799096371044e-10
4.100000000000003e-11,-1.4394308700300007e-21
4.700000000000005e-11,5.261380523207167e-10
4.2000000000000036e-11,-1.453529112454237e-21
4.8000000000000054e-11,5.303786152999921e-10
4.300000000000004e-11,-1.4679040379609243e-21
4.900000000000006e-11,5.18415101239588e-10
4.400000000000004e-11,-1.4692544685800195e-21
5.000000000000006e-11,5.04971258760743e-10
4.5000000000000045e-11,-1.4652827177345453e-21
5.100000000000006e-11,4.934813979578516e-10
4.600000000000005e-11,-1.478007537322805e-21
5.2000000000000066e-11,4.84673673127356e-10
5.300000000000007e-11,4.776990256374479e-10
4.700000000000005e-11,-1.5022645683445275e-21
5.400000000000007e-11,4.744298502977222e-10
4.8000000000000054e-11,-1.5425270078040074e-21
5.5000000000000075e-11,4.731841972770736e-10
4.900000000000006e-11,-1.6321679307067216e-21
5.600000000000008e-11,4.737698706906537e-10
5.000000000000006e-11,-1.8450795014798013e-21
5.700000000000008e-11,4.749557266197608e-10
5.100000000000006e-11,-2.2100702740618458e-21
5.8000000000000084e-11,4.761112934138737e-10
5.900000000000008e-11,4.772167557923254e-10
5.2000000000000066e-11,-2.543171515957611e-21
6.000000000000008e-11,4.783015497183159e-10
5.300000000000007e-11,-2.7049383895813377e-21
6.100000000000007e-11,4.79043134312473e-10
5.400000000000007e-11,-2.7224806452060143e-21
6.200000000000007e-11,4.798004520827947e-10
5.5000000000000075e-11,-2.7399479968344365e-21
6.300000000000007e-11,4.809237213988038e-10
6.400000000000006e-11,4.82974305279269e-10
5.600000000000008e-11,-2.7555946132306795e-21
6.500000000000006e-11,4.873459865863301e-10
5.700000000000008e-11,-2.767730091330961e-21
6.600000000000006e-11,4.960221516717208e-10
5.8000000000000084e-11,-2.7751719759642848e-21
6.700000000000005e-11,5.074881236931941e-10
5.900000000000008e-11,-2.775716793617896e-21
6.800000000000005e-11,5.158902594398651e-10
6.900000000000005e-11,5.201978948412361e-10
6.000000000000008e-11,-2.7675011799436653e-21
7.000000000000004e-11,5.223713664906661e-10
6.100000000000007e-11,-2.7598536932796067e-21
7.100000000000004e-11,5.243741144924399e-10
6.200000000000007e-11,-2.7531343975873843e-21
7.200000000000004e-11,5.267438456022084e-10
6.300000000000007e-11,-2.747991597603337e-21
7.300000000000003e-11,5.296858354682221e-10
6.400000000000006e-11,-2.7472767428832676e-21
7.400000000000003e-11,5.337133282089142e-10
6.500000000000006e-11,-2.7466283297311037e-21
7.500000000000003e-11,5.400159902857807e-10
6.600000000000006e-11,-2.7460737018177376e-21
7.600000000000002e-11,5.503667414622132e-10
6.700000000000005e-11,-2.7456468307487544e-21
7.700000000000002e-11,5.642727507216228e-10
7.800000000000001e-11,5.770494413987017e-10
6.800000000000005e-11,-2.7451947405275925e-21
7.900000000000001e-11,5.864704272066972e-10
6.900000000000005e-11,-2.7442347304824464e-21
8.000000000000001e-11,5.934570807799079e-10
7.000000000000004e-11,-2.74348957761476e-21
8.1e-11,6.004814185406211e-10
7.100000000000004e-11,-2.7429896841508972e-21
8.2e-11,6.081987343807546e-10
8.3e-11,6.161971516825953e-10
7.200000000000004e-11,-2.7427953667004748e-21
8.4e-11,6.232466526994503e-10
7.300000000000003e-11,-2.7429386817560443e-21
8.499999999999999e-11,6.285542997651516e-10
7.400000000000003e-11,-2.7435611260899127e-21
8.599999999999999e-11,6.358152715618213e-10
7.500000000000003e-11,-2.7447832743511948e-21
8.699999999999998e-11,6.48090353926069e-10
8.799999999999998e-11,6.642263207189693e-10
7.600000000000002e-11,-2.7466537063975296e-21
8.899999999999998e-11,6.831480121162949e-10
7.700000000000002e-11,-2.7493652544660196e-21
8.999999999999997e-11,7.044901006539125e-10
7.800000000000001e-11,-2.752770493683087e-21
9.099999999999997e-11,7.094293879388886e-10
7.900000000000001e-11,-2.757442870717625e-21
9.199999999999997e-11,7.123686181838668e-10
8.000000000000001e-11,-2.7642752171416545e-21
9.299999999999996e-11,7.147639750476108e-10
9.399999999999996e-11,7.160732107607879e-10
8.1e-11,-2.7733170249526444e-21
9.499999999999996e-11,7.157234924132715e-10
8.2e-11,-2.7831340458787978e-21
9.599999999999995e-11,7.128096179431145e-10
8.3e-11,-2.7921716701564935e-21
9.699999999999995e-11,7.0599651358519e-10
8.4e-11,-2.8000573327959682e-21
9.799999999999995e-11,6.943325796946894e-10
8.499999999999999e-11,-2.8071311799201864e-21
9.899999999999994e-11,6.8008914090361e-10
8.599999999999999e-11,-2.8146583580102155e-21
9.999999999999994e-11,6.685161082980324e-10
8.699999999999998e-11,-2.8251849974385658e-21
1.0099999999999994e-10,6.626919772035291e-10
8.799999999999998e-11,-2.841588336664118e-21
1.0199999999999993e-10,6.614634550749254e-10
1.0299999999999993e-10,6.638670761974171e-10
8.899999999999998e-11,-2.8668705954299716e-21
1.0399999999999993e-10,6.671044661494343e-10
8.999999999999997e-11,-2.90528548524383e-21
1.0499999999999992e-10,6.712544767157391e-10
9.099999999999997e-11,-2.952553640103619e-21
1.0599999999999992e-10,6.765874348386698e-10
9.199999999999997e-11,-2.9973430048526283e-21
1.0699999999999991e-10,6.832435724320424e-10
1.0799999999999991e-10,6.913315955662961e-10
9.299999999999996e-11,-3.0298792087609046e-21
1.0899999999999991e-10,7.010093295775223e-10
9.399999999999996e-11,-3.0413352672465416e-21
1.099999999999999e-10,7.125132515886852e-10
9.499999999999996e-11,-3.0478104353663314e-21
1.109999999999999e-10,7.259345415914532e-10
9.599999999999995e-11,-3.0514526413350126e-21
1.119999999999999e-10,7.392701114740736e-10
1.129999999999999e-10,7.509680189013393e-10
9.699999999999995e-11,-3.0486615749026236e-21
1.1399999999999989e-10,7.611340497078565e-10
9.799999999999995e-11,-3.0315081943557024e-21
1.1499999999999989e-10,7.691551132496381e-10
9.899999999999994e-11,-2.9888851212914656e-21
1.1599999999999988e-10,7.742390067981072e-10
9.999999999999994e-11,-2.9325171718233566e-21
1.1699999999999988e-10,7.784547972309995e-10
1.0099999999999994e-10,-2.8930170857632114e-21
1.1799999999999988e-10,7.84647163584168e-10
1.0199999999999993e-10,-2.883536382688556e-21
1.1899999999999987e-10,7.930941359379495e-10
1.0299999999999993e-10,-2.897927864277839e-21
1.1999999999999987e-10,8.016992182503592e-10
1.0399999999999993e-10,-2.9252514563618397e-21
1.2099999999999987e-10,8.067537194108431e-10
1.0499999999999992e-10,-2.952318256064319e-21
1.2199999999999986e-10,8.046239815517973e-10
1.0599999999999992e-10,-2.9752151763589947e-21
1.2299999999999986e-10,7.971644031078341e-10
1.0699999999999991e-10,-2.98945965435777e-21
1.2399999999999986e-10,7.908499026951089e-10
1.2499999999999985e-10,7.883920626904998e-10
1.0799999999999991e-10,-2.9985970313006868e-21
1.2599999999999985e-10,7.892898171010286e-10
1.0899999999999991e-10,-3.001915274972438e-21
1.2699999999999985e-10,7.915059875920538e-10
1.099999999999999e-10,-3.004311086207494e-21
1.2799999999999984e-10,7.963901623978387e-10
1.109999999999999e-10,-3.0063954439241926e-21
1.2899999999999984e-10,8.070322234272343e-10
1.2999999999999984e-10,8.290140355925217e-10
1.119999999999999e-10,-3.008057781323165e-21
1.3099999999999983e-10,8.638230549792097e-10
1.129999999999999e-10,-3.0088436905299646e-21
1.3199999999999983e-10,9.014414836832908e-10
1.1399999999999989e-10,-3.0087103252092787e-21
1.3299999999999983e-10,9.33358015175022e-10
1.1499999999999989e-10,-3.008375518809823e-21
1.3399999999999982e-10,9.576012144421504e-10
1.3499999999999982e-10,9.71438171249748e-10
1.1599999999999988e-10,-3.008014780476521e-21
1.3599999999999981e-10,9.77656487113031e-10
1.1699999999999988e-10,-3.007886965053345e-21
1.369999999999998e-10,9.79769847364972e-10
1.1799999999999988e-10,-3.0084409542504177e-21
1.379999999999998e-10,9.810052860407143e-10
1.389999999999998e-10,9.803779358783447e-10
1.1899999999999987e-10,-3.0111725874565084e-21
1.399999999999998e-10,9.780128817328454e-10
1.1999999999999987e-10,-3.0160898703469495e-21
1.409999999999998e-10,9.759764323171914e-10
1.2099999999999987e-10,-3.021266263321745e-21
1.419999999999998e-10,9.776364823807472e-10
1.2199999999999986e-10,-3.025514320699398e-21
1.429999999999998e-10,9.858832187005753e-10
1.439999999999998e-10,9.98350953592034e-10
1.2299999999999986e-10,-3.0288391914768603e-21
1.4499999999999978e-10,1.0091879102655995e-09
1.2399999999999986e-10,-3.0327295234056408e-21
1.4599999999999978e-10,1.0156130542568209e-09
1.2499999999999985e-10,-3.0379282680024546e-21
1.4699999999999978e-10,1.0167882644029507e-09
1.2599999999999985e-10,-3.0442890578712328e-21
1.4799999999999977e-10,1.0164855173545554e-09
1.4899999999999977e-10,1.0144801879771815e-09
1.2699999999999985e-10,-3.0511944997957265e-21
1.4999999999999977e-10,1.0095601703686708e-09
1.2799999999999984e-10,-3.0579494434001425e-21
1.5099999999999976e-10,1.0044730756259368e-09
1.2899999999999984e-10,-3.0643520863183215e-21
1.5199999999999976e-10,1.0035337415168078e-09
1.5299999999999976e-10,1.0060988550980803e-09
1.2999999999999984e-10,-3.0697074498107222e-21
1.5399999999999975e-10,1.0087064757037566e-09
1.3099999999999983e-10,-3.074080361509593e-21
1.5499999999999975e-10,1.0106547848729173e-09
1.3199999999999983e-10,-3.0776544553917194e-21
1.5599999999999975e-10,1.01278466702525e-09
1.3299999999999983e-10,-3.0805606277687953e-21
1.5699999999999974e-10,1.0149954814788739e-09
1.5799999999999974e-10,1.0174703490593307e-09
1.3399999999999982e-10,-3.082268589740952e-21
1.5899999999999974e-10,1.020428107556857e-09
1.3499999999999982e-10,-3.084043532196063e-21
1.5999999999999973e-10,1.023729054630148e-09
1.3599999999999981e-10,-3.08625678468701e-21
1.6099999999999973e-10,1.0270169813917852e-09
1.369999999999998e-10,-3.089022551656137e-21
1.6199999999999972e-10,1.029874309024937e-09
1.6299999999999972e-10,1.0318030422698992e-09
1.379999999999998e-10,-3.0923438083621003e-21
1.6399999999999972e-10,1.0322889000436311e-09
1.389999999999998e-10,-3.096222574024382e-21
1.6499999999999971e-10,1.032837145206192e-09
1.399999999999998e-10,-3.0998185444294e-21
1.659999999999997e-10,1.0334512417544467e-09
1.409999999999998e-10,-3.102995222327941e-21
1.669999999999997e-10,1.0341265103212788e-09
1.679999999999997e-10,1.034874987940457e-09
1.419999999999998e-10,-3.1073659570383504e-21
1.689999999999997e-10,1.0356870560048497e-09
1.429999999999998e-10,-3.1132276648394636e-21
1.699999999999997e-10,1.0364293342973754e-09
1.439999999999998e-10,-3.1205755954923953e-21
1.709999999999997e-10,1.0370694361729947e-09
1.4499999999999978e-10,-3.128482197024471e-21
1.719999999999997e-10,1.0377634786808427e-09
1.4599999999999978e-10,-3.1359872967851552e-21
1.7299999999999969e-10,1.0383152208052378e-09
1.7399999999999968e-10,1.0387587475693679e-09
1.4699999999999978e-10,-3.1420450227161643e-21
1.7499999999999968e-10,1.039200955465486e-09
1.4799999999999977e-10,-3.1466464480789184e-21
1.7599999999999968e-10,1.039542929860979e-09
1.4899999999999977e-10,-3.1494432743209832e-21
1.7699999999999967e-10,1.0398464034184107e-09
1.4999999999999977e-10,-3.1495415638327666e-21
1.7799999999999967e-10,1.040080027323964e-09
1.7899999999999967e-10,1.0403293302133605e-09
1.5099999999999976e-10,-3.1445587791602128e-21
1.7999999999999966e-10,1.0405670000671585e-09
1.5199999999999976e-10,-3.133353496481597e-21
1.8099999999999966e-10,1.0408501212814017e-09
1.5299999999999976e-10,-3.112210055918345e-21
1.8199999999999966e-10,1.0411928035030775e-09
1.5399999999999975e-10,-3.082143978199489e-21
1.8299999999999965e-10,1.041611449357193e-09
1.5499999999999975e-10,-3.0539771770405504e-21
1.8399999999999965e-10,1.0421310349684647e-09
1.5599999999999975e-10,-3.03966864611784e-21
1.8499999999999965e-10,1.042771979973998e-09
1.5699999999999974e-10,-3.036553939104157e-21
1.8599999999999964e-10,1.043794482585061e-09
1.8699999999999964e-10,1.0450097014639684e-09
1.5799999999999974e-10,-3.03913349734272e-21
1.8799999999999964e-10,1.046318016703861e-09
1.5899999999999974e-10,-3.040902156807915e-21
1.8899999999999963e-10,1.0473068081954396e-09
1.5999999999999973e-10,-3.0429365104980864e-21
1.8999999999999963e-10,1.0483518220197487e-09
1.9099999999999962e-10,1.0495303648763066e-09
1.6099999999999973e-10,-3.04512042884937e-21
1.9199999999999962e-10,1.0509608076784464e-09
1.6199999999999972e-10,-3.047332453281809e-21
1.9299999999999962e-10,1.0525218500081146e-09
1.6299999999999972e-10,-3.049435190830344e-21
1.9399999999999961e-10,1.053698502750798e-09
1.949999999999996e-10,1.0544824138824827e-09
1.6399999999999972e-10,-3.050166581656014e-21
1.959999999999996e-10,1.0549822620119576e-09
1.6499999999999971e-10,-3.050344389109237e-21
1.969999999999996e-10,1.0559648224382864e-09
1.659999999999997e-10,-3.0500637541530996e-21
1.979999999999996e-10,1.0583146190624521e-09
1.989999999999996e-10,1.062998072240879e-09
1.669999999999997e-10,-3.0495816224721125e-21
1.999999999999996e-10,1.0696186605409746e-09
1.679999999999997e-10,-3.048968043114109e-21
2.009999999999996e-10,1.075519532634074e-09
1.689999999999997e-10,-3.048131986559935e-21
2.0199999999999959e-10,1.0784639744605623e-09
1.699999999999997e-10,-3.046873587722327e-21
2.0299999999999958e-10,1.079557067913564e-09
2.0399999999999958e-10,1.0806346995397911e-09
1.709999999999997e-10,-3.045082230383549e-21
2.0499999999999958e-10,1.0815666562789003e-09
1.719999999999997e-10,-3.0426898960599057e-21
2.0599999999999957e-10,1.082492298307676e-09
2.0699999999999957e-10,1.083847421530361e-09
1.7299999999999969e-10,-3.039935399957777e-21
2.0799999999999957e-10,1.085881709130557e-09
1.7399999999999968e-10,-3.0370431388938834e-21
2.0899999999999956e-10,1.0890385351315343e-09
1.7499999999999968e-10,-3.035353117699876e-21
2.0999999999999956e-10,1.0936262252391308e-09
1.7599999999999968e-10,-3.0336863808516743e-21
2.1099999999999956e-10,1.0994529277008988e-09
2.1199999999999955e-10,1.1054977888497442e-09
1.7699999999999967e-10,-3.0314006281526876e-21
2.1299999999999955e-10,1.1114402916570548e-09
1.7799999999999967e-10,-3.026637668705539e-21
2.1399999999999955e-10,1.1173495099577711e-09
1.7899999999999967e-10,-3.0176151339087234e-21
2.1499999999999954e-10,1.122668335712161e-09
1.7999999999999966e-10,-3.0014099589473036e-21
2.1599999999999954e-10,1.1280938653326465e-09
1.8099999999999966e-10,-2.975254926657425e-21
2.1699999999999953e-10,1.1329332505109796e-09
2.1799999999999953e-10,1.136791151036966e-09
1.8199999999999966e-10,-2.9368918983113777e-21
2.1899999999999953e-10,1.13986323248661e-09
1.8299999999999965e-10,-2.8886704449660276e-21
2.1999999999999952e-10,1.1410921163775157e-09
1.8399999999999965e-10,-2.8374321861835425e-21
2.2099999999999952e-10,1.1427234487992055e-09
1.8499999999999965e-10,-2.79101142241974e-21
2.2199999999999952e-10,1.1443123536033672e-09
1.8599999999999964e-10,-2.7543818970222467e-21
2.2299999999999951e-10,1.145542892508972e-09
1.8699999999999964e-10,-2.742391417585432e-21
2.239999999999995e-10,1.146947729823381e-09
1.8799999999999964e-10,-2.7376088737040573e-21
2.249999999999995e-10,1.148581056895265e-09
2.259999999999995e-10,1.1502916787209037e-09
1.8899999999999963e-10,-2.734336914422689e-21
2.269999999999995e-10,1.1519563714487435e-09
1.8999999999999963e-10,-2.7327015248977702e-21
2.279999999999995e-10,1.1534845479421978e-09
1.9099999999999962e-10,-2.732571500455548e-21
2.289999999999995e-10,1.1547446867414641e-09
1.9199999999999962e-10,-2.7337667264752132e-21
2.299999999999995e-10,1.155669631048033e-09
1.9299999999999962e-10,-2.7350019097038067e-21
2.3099999999999949e-10,1.15577641492314e-09
1.9399999999999961e-10,-2.736680896239167e-21
2.3199999999999948e-10,1.1559431010556642e-09
1.949999999999996e-10,-2.739024048529744e-21
2.329999999999995e-10,1.156170547857976e-09
1.959999999999996e-10,-2.7423446337766714e-21
2.339999999999995e-10,1.1564477390431217e-09
1.969999999999996e-10,-2.747061924172705e-21
2.349999999999995e-10,1.156607807787116e-09
1.979999999999996e-10,-2.7540242780022374e-21
2.359999999999995e-10,1.1567743886578974e-09
2.369999999999995e-10,1.1569172109675827e-09
1.989999999999996e-10,-2.764276868071644e-21
2.379999999999995e-10,1.1568960633468603e-09
1.999999999999996e-10,-2.7793442939838478e-21
2.389999999999995e-10,1.1568367745220465e-09
2.009999999999996e-10,-2.8002044109995882e-21
2.399999999999995e-10,1.1567550493307543e-09
2.409999999999995e-10,1.1566404404363232e-09
2.0199999999999959e-10,-2.8271706682543282e-21
2.419999999999995e-10,1.1564743703117981e-09
2.0299999999999958e-10,-2.857099906322571e-21
2.4299999999999947e-10,1.1562542928485105e-09
2.0399999999999958e-10,-2.885416874661632e-21
2.4399999999999947e-10,1.1559170452815649e-09
2.0499999999999958e-10,-2.909294029023184e-21
2.4499999999999946e-10,1.1555553557837559e-09
2.0599999999999957e-10,-2.930197368369858e-21
2.4599999999999946e-10,1.1554296997476211e-09
2.0699999999999957e-10,-2.9488174039133406e-21
2.4699999999999946e-10,1.1559599484545133e-09
2.4799999999999945e-10,1.1578203621548504e-09
2.0799999999999957e-10,-2.9718571863373688e-21
2.4899999999999945e-10,1.161485828812989e-09
2.0899999999999956e-10,-3.0022912691261102e-21
2.4999999999999945e-10,1.1656302839016358e-09
2.0999999999999956e-10,-3.0386919613669154e-21
2.5099999999999944e-10,1.1677110349638545e-09
2.1099999999999956e-10,-3.077312107665868e-21
2.5199999999999944e-10,1.1667269087602697e-09
2.5299999999999944e-10,1.1637293280407572e-09
2.1199999999999955e-10,-3.114141006683134e-21
2.5399999999999943e-10,1.1606587268946175e-09
2.1299999999999955e-10,-3.112240031967386e-21
2.5499999999999943e-10,1.1584000573820938e-09
2.1399999999999955e-10,-3.107520377362751e-21
2.5599999999999943e-10,1.1574396527284538e-09
2.1499999999999954e-10,-3.1044765860394887e-21
2.569999999999994e-10,1.1577348923141089e-09
2.1599999999999954e-10,-3.0992443240734566e-21
2.579999999999994e-10,1.1591561391865383e-09
2.589999999999994e-10,1.1615568911406834e-09
2.1699999999999953e-10,-3.0907017073321862e-21
2.599999999999994e-10,1.1650376983555704e-09
2.1799999999999953e-10,-3.0773373644775925e-21
2.609999999999994e-10,1.1695984971516395e-09
2.1899999999999953e-10,-3.056714072932924e-21
2.619999999999994e-10,1.1749933831974833e-09
2.1999999999999952e-10,-3.0284990653649606e-21
2.629999999999994e-10,1.1804487369136133e-09
2.639999999999994e-10,1.1842617658551525e-09
2.2099999999999952e-10,-2.989586267191269e-21
2.649999999999994e-10,1.183229774215869e-09
2.2199999999999952e-10,-2.9400462840922226e-21
2.659999999999994e-10,1.1713885858871895e-09
2.2299999999999951e-10,-2.883590789874561e-21
2.669999999999994e-10,1.1389011864330804e-09
2.239999999999995e-10,-2.8287260266938096e-21
2.679999999999994e-10,1.0798586172988015e-09
2.689999999999994e-10,1.0055042702314026e-09
2.249999999999995e-10,-2.7820553849485818e-21
2.699999999999994e-10,9.418026293153953e-10
2.259999999999995e-10,-2.764939326885198e-21
2.709999999999994e-10,9.037255879432239e-10
2.269999999999995e-10,-2.7419246466087436e-21
2.7199999999999937e-10,8.959457446587051e-10
2.279999999999995e-10,-2.692129435560029e-21
2.7299999999999937e-10,8.966580406101417e-10
2.289999999999995e-10,-2.619082242326376e-21
2.7399999999999936e-10,8.972031331452077e-10
2.299999999999995e-10,-2.5568676580867837e-21
2.7499999999999936e-10,8.97640489874854e-10
2.3099999999999949e-10,-2.525829732654837e-21
2.7599999999999936e-10,8.977974536624465e-10
2.3199999999999948e-10,-2.527975458656989e-21
2.7699999999999935e-10,8.978261461019649e-10
2.7799999999999935e-10,8.977631451549243e-10
2.329999999999995e-10,-2.5274114385870828e-21
2.7899999999999935e-10,8.97722750180047e-10
2.339999999999995e-10,-2.5217323630752527e-21
2.7999999999999934e-10,8.978087360951266e-10
2.349999999999995e-10,-2.5083218506572064e-21
2.8099999999999934e-10,8.980430651583398e-10
2.359999999999995e-10,-2.4865884263441117e-21
2.8199999999999934e-10,8.98273065736704e-10
2.369999999999995e-10,-2.458666941104607e-21
2.8299999999999933e-10,8.985402087207468e-10
2.379999999999995e-10,-2.430286972512907e-21
2.8399999999999933e-10,8.988602125560543e-10
2.389999999999995e-10,-2.4079039207182298e-21
2.8499999999999933e-10,8.99252958144805e-10
2.399999999999995e-10,-2.4014578880068815e-21
2.859999999999993e-10,8.99737294163467e-10
2.869999999999993e-10,9.000599933975217e-10
2.409999999999995e-10,-2.4021285361561465e-21
2.879999999999993e-10,9.004054575638589e-10
2.419999999999995e-10,-2.402691085423732e-21
2.889999999999993e-10,9.005261616099648e-10
2.4299999999999947e-10,-2.403314584842114e-21
2.899999999999993e-10,8.994135520947386e-10
2.4399999999999947e-10,-2.403894938122792e-21
2.909999999999993e-10,8.939553314461817e-10
2.4499999999999946e-10,-2.404543292477859e-21
2.919999999999993e-10,8.793721424847902e-10
2.4599999999999946e-10,-2.405303199289109e-21
2.929999999999993e-10,8.600130738620892e-10
2.4699999999999946e-10,-2.406121791024467e-21
2.939999999999993e-10,8.490281372042607e-10
2.949999999999993e-10,8.448233681232078e-10
2.4799999999999945e-10,-2.406998479321295e-21
2.959999999999993e-10,8.380172071316971e-10
2.4899999999999945e-10,-2.4079359605032802e-21
2.969999999999993e-10,8.298900541159137e-10
2.4999999999999945e-10,-2.408898566200147e-21
2.979999999999993e-10,8.198262935695545e-10
2.5099999999999944e-10,-2.4098500168339213e-21
2.989999999999993e-10,8.083284229145496e-10
2.5199999999999944e-10,-2.4108047987790507e-21
2.999999999999993e-10,7.957506397565483e-10
2.5299999999999944e-10,-2.4115724782171353e-21
3.0099999999999927e-10,7.815563646366326e-10
2.5399999999999943e-10,-2.4116184874629735e-21
3.0199999999999927e-10,7.65067159966305e-10
2.5499999999999943e-10,-2.4094489566679408e-21
3.0299999999999926e-10,7.481891757790297e-10
2.5599999999999943e-10,-2.4006308150840374e-21
3.0399999999999926e-10,7.356797506391793e-10
2.569999999999994e-10,-2.3739247690137656e-21
3.0499999999999926e-10,7.292199150415688e-10
2.579999999999994e-10,-2.3150727139193793e-21
3.0599999999999925e-10,7.26699074586227e-10
2.589999999999994e-10,-2.237325581659817e-21
3.0699999999999925e-10,7.244973675738526e-10
2.599999999999994e-10,-2.182562346148204e-21
3.0799999999999925e-10,7.22005547774526e-10
2.609999999999994e-10,-2.1651852112952923e-21
3.0899999999999924e-10,7.193798703053739e-10
2.619999999999994e-10,-2.1699428573976246e-21
3.0999999999999924e-10,7.167791040911861e-10
2.629999999999994e-10,-2.1766732716798905e-21
3.1099999999999924e-10,7.142724437227709e-10
2.639999999999994e-10,-2.181428917423685e-21
3.1199999999999923e-10,7.120990474391786e-10
2.649999999999994e-10,-2.188418732407445e-21
3.1299999999999923e-10,7.104986580026083e-10
2.659999999999994e-10,-2.1988999401001105e-21
3.1399999999999923e-10,7.097250825822327e-10
2.669999999999994e-10,-2.2149161087831288e-21
3.149999999999992e-10,7.097898481645511e-10
2.679999999999994e-10,-2.2360941737600687e-21
3.159999999999992e-10,7.103434469641925e-10
2.689999999999994e-10,-2.266858658671355e-21
3.169999999999992e-10,7.118169136054602e-10
2.699999999999994e-10,-2.304422312100773e-21
3.179999999999992e-10,7.122860192626117e-10
2.709999999999994e-10,-2.3482491778951672e-21
3.189999999999992e-10,7.126054113994989e-10
2.7199999999999937e-10,-2.390095971928981e-21
3.199999999999992e-10,7.12872082313105e-10
2.7299999999999937e-10,-2.4170049760126583e-21
3.209999999999992e-10,7.130827527387921e-10
2.7399999999999936e-10,-2.4401983564535872e-21
3.219999999999992e-10,7.132581162809766e-10
2.7499999999999936e-10,-2.467686218079947e-21
3.229999999999992e-10,7.134243257096592e-10
2.7599999999999936e-10,-2.4933545047721136e-21
3.239999999999992e-10,7.136715544815237e-10
2.7699999999999935e-10,-2.512054473594722e-21
3.249999999999992e-10,7.142844217526721e-10
3.259999999999992e-10,7.151843266761409e-10
2.7799999999999935e-10,-2.5186484590098694e-21
3.269999999999992e-10,7.164132713821435e-10
2.7899999999999935e-10,-2.5202791201997682e-21
3.279999999999992e-10,7.178857542743219e-10
2.7999999999999934e-10,-2.521883296506208e-21
3.2899999999999917e-10,7.190255975015426e-10
2.8099999999999934e-10,-2.532075865334599e-21
3.2999999999999917e-10,7.199592598023968e-10
2.8199999999999934e-10,-2.544848538199389e-21
3.3099999999999917e-10,7.203694190620192e-10
2.8299999999999933e-10,-2.5587787193444853e-21
3.3199999999999916e-10,7.204347702659968e-10
2.8399999999999933e-10,-2.5741412288350835e-21
3.3299999999999916e-10,7.204783918560208e-10
2.8499999999999933e-10,-2.592927304346257e-21
3.3399999999999916e-10,7.20503287414319e-10
2.859999999999993e-10,-2.6114075563029074e-21
3.3499999999999915e-10,7.204971302684171e-10
2.869999999999993e-10,-2.6206031024304627e-21
3.3599999999999915e-10,7.204379185744839e-10
2.879999999999993e-10,-2.6291704250554476e-21
3.3699999999999915e-10,7.204271051887719e-10
2.889999999999993e-10,-2.6356410005528394e-21
3.3799999999999914e-10,7.206627384551252e-10
2.899999999999993e-10,-2.634348476057691e-21
3.3899999999999914e-10,7.214037713496154e-10
2.909999999999993e-10,-2.621980441644932e-21
3.3999999999999914e-10,7.229741443173083e-10
2.919999999999993e-10,-2.579975412396961e-21
3.4099999999999913e-10,7.251683439296795e-10
2.929999999999993e-10,-2.4485440333924467e-21
3.4199999999999913e-10,7.272943580402006e-10
2.939999999999993e-10,-2.057303639778005e-21
3.429999999999991e-10,7.290904149278183e-10
2.949999999999993e-10,-1.0037940668427333e-21
3.439999999999991e-10,7.3147290487973e-10
2.959999999999993e-10,1.1624022328720913e-21
3.449999999999991e-10,7.34548349330979e-10
2.969999999999993e-10,3.7913075659924816e-21
3.459999999999991e-10,7.384643844395469e-10
2.979999999999993e-10,5.405227227150283e-21
3.469999999999991e-10,7.426527985190206e-10
2.989999999999993e-10,5.41600390736158e-21
3.479999999999991e-10,7.465639800051837e-10
2.999999999999993e-10,5.4241290079417745e-21
3.489999999999991e-10,7.497519386712298e-10
3.0099999999999927e-10,5.427796515869335e-21
3.499999999999991e-10,7.521683863159802e-10
3.0199999999999927e-10,5.428804858300263e-21
3.509999999999991e-10,7.540821447349176e-10
3.0299999999999926e-10,5.428698936636462e-21
3.519999999999991e-10,7.553023142499462e-10
3.0399999999999926e-10,5.41837074885445e-21
3.529999999999991e-10,7.557046702671199e-10
3.0499999999999926e-10,5.403372735480571e-21
3.539999999999991e-10,7.527471857059659e-10
3.0599999999999925e-10,5.3789362513748234e-21
3.549999999999991e-10,7.398765285098541e-10
3.559999999999991e-10,7.093626804210002e-10
3.0699999999999925e-10,5.3364111430688e-21
3.569999999999991e-10,6.709547458345178e-10
3.0799999999999925e-10,5.267914585942017e-21
3.5799999999999907e-10,6.470627974717245e-10
3.0899999999999924e-10,5.177347745821811e-21
3.5899999999999907e-10,6.444138877388308e-10
3.0999999999999924e-10,5.0897042491185535e-21
3.5999999999999907e-10,6.469907569521046e-10
3.6099999999999906e-10,6.499381867565701e-10
3.1099999999999924e-10,5.02599622727003e-21
3.6199999999999906e-10,6.529484175690908e-10
3.1199999999999923e-10,5.008737363973513e-21
3.6299999999999906e-10,6.553588425687737e-10
3.1299999999999923e-10,5.005187998073147e-21
3.6399999999999905e-10,6.571302711889527e-10
3.1399999999999923e-10,5.003593813556546e-21
3.6499999999999905e-10,6.582159500800245e-10
3.149999999999992e-10,5.0027293673574625e-21
3.6599999999999905e-10,6.592209122999866e-10
3.159999999999992e-10,5.0029796346501376e-21
3.6699999999999904e-10,6.605869170538553e-10
3.6799999999999904e-10,6.619648673660146e-10
3.169999999999992e-10,5.005596987767906e-21
3.6899999999999904e-10,6.632991141817186e-10
3.179999999999992e-10,5.0063674213902956e-21
3.6999999999999903e-10,6.640439330429655e-10
3.189999999999992e-10,5.004168081683196e-21
3.7099999999999903e-10,6.655668148497191e-10
3.199999999999992e-10,4.9976810392940444e-21
3.71999999999999e-10,6.690389269255963e-10
3.72999999999999e-10,6.73182883417389e-10
3.209999999999992e-10,4.984266439482326e-21
3.73999999999999e-10,6.763040423799807e-10
3.219999999999992e-10,4.9636477263496336e-21
3.74999999999999e-10,6.776297936044434e-10
3.75999999999999e-10,6.782869714534829e-10
3.229999999999992e-10,4.955965308831847e-21
3.76999999999999e-10,6.791380089299041e-10
3.239999999999992e-10,4.98595256672211e-21
3.77999999999999e-10,6.803196795353017e-10
3.249999999999992e-10,5.07264494907175e-21
3.78999999999999e-10,6.823538210181214e-10
3.79999999999999e-10,6.86215957120041e-10
3.259999999999992e-10,5.218182262199233e-21
3.80999999999999e-10,6.927523909502e-10
3.269999999999992e-10,5.413083156740727e-21
3.81999999999999e-10,7.01028874281222e-10
3.279999999999992e-10,5.622159490415281e-21
3.82999999999999e-10,7.080588496820535e-10
3.2899999999999917e-10,5.793615501867387e-21
3.83999999999999e-10,7.117353714839546e-10
3.84999999999999e-10,7.130934756628626e-10
3.2999999999999917e-10,5.862170251255943e-21
3.85999999999999e-10,7.147280834543825e-10
3.3099999999999917e-10,5.846404069286925e-21
3.8699999999999897e-10,7.165735426861652e-10
3.3199999999999916e-10,5.818828677089071e-21
3.8799999999999897e-10,7.18680455651414e-10
3.8899999999999897e-10,7.21134580081017e-10
3.3299999999999916e-10,5.789680418176414e-21
3.8999999999999896e-10,7.237633548668925e-10
3.3399999999999916e-10,5.769509387769465e-21
3.9099999999999896e-10,7.264415759979988e-10
3.3499999999999915e-10,5.7596853070182024e-21
3.9199999999999896e-10,7.290458739181788e-10
3.3599999999999915e-10,5.757176271716088e-21
3.9299999999999895e-10,7.310603353239482e-10
3.9399999999999895e-10,7.316057799335857e-10
3.3699999999999915e-10,5.754398426119204e-21
3.9499999999999895e-10,7.305955148387054e-10
3.3799999999999914e-10,5.7512423624145545e-21
3.9599999999999894e-10,7.296379570089923e-10
3.3899999999999914e-10,5.7475871929691186e-21
3.9699999999999894e-10,7.303139009574526e-10
3.9799999999999894e-10,7.299536637092606e-10
3.3999999999999914e-10,5.743328161472065e-21
3.9899999999999893e-10,7.289351722178861e-10
3.4099999999999913e-10,5.738171650369298e-21
3.9999999999999893e-10,7.266299635123941e-10
3.4199999999999913e-10,5.73125886251392e-21
4.009999999999989e-10,7.219588242132322e-10
4.019999999999989e-10,7.134424475091263e-10
3.429999999999991e-10,5.722858385319419e-21
4.029999999999989e-10,6.985831068179018e-10
3.439999999999991e-10,5.712388303191415e-21
4.039999999999989e-10,6.739521566819319e-10
3.449999999999991e-10,5.700283030242448e-21
4.049999999999989e-10,6.35964970962553e-10
3.459999999999991e-10,5.68700952092104e-21
4.059999999999989e-10,5.83598365881678e-10
4.069999999999989e-10,5.218674780666225e-10
3.469999999999991e-10,5.6740283023746585e-21
4.079999999999989e-10,4.615175922881509e-10
3.479999999999991e-10,5.663980085385831e-21
4.089999999999989e-10,4.202669494191625e-10
3.489999999999991e-10,5.658079526432659e-21
4.099999999999989e-10,4.2111703361153946e-10
4.109999999999989e-10,4.220129100286339e-10
3.499999999999991e-10,5.655284773842771e-21
4.119999999999989e-10,4.231443340072164e-10
3.509999999999991e-10,5.655995472793037e-21
4.129999999999989e-10,4.245181934980184e-10
3.519999999999991e-10,5.658321964001486e-21
4.139999999999989e-10,4.2612643510744466e-10
3.529999999999991e-10,5.6572823754211175e-21
4.149999999999989e-10,4.2810171414067995e-10
4.1599999999999887e-10,4.3052004432073006e-10
3.539999999999991e-10,5.641875485877881e-21
4.1699999999999887e-10,4.3333017407596036e-10
3.549999999999991e-10,5.594592658362965e-21
4.1799999999999887e-10,4.362644952671181e-10
3.559999999999991e-10,5.490378058794316e-21
4.1899999999999886e-10,4.3875823692127875e-10
3.569999999999991e-10,5.343511638606962e-21
4.1999999999999886e-10,4.3859944438322986e-10
3.5799999999999907e-10,5.211083101034058e-21
4.2099999999999886e-10,4.3871813235905056e-10
3.5899999999999907e-10,5.143384160122375e-21
4.2199999999999885e-10,4.3906121407110343e-10
3.5999999999999907e-10,5.1513079525029674e-21
4.2299999999999885e-10,4.398177822997935e-10
3.6099999999999906e-10,5.163708203298771e-21
4.2399999999999885e-10,4.408995301950935e-10
3.6199999999999906e-10,5.169950522884487e-21
4.2499999999999884e-10,4.4231987986214457e-10
3.6299999999999906e-10,5.172952649841077e-21
4.2599999999999884e-10,4.4418006271418175e-10
3.6399999999999905e-10,5.1722989227894726e-21
4.2699999999999884e-10,4.4589189222114935e-10
3.6499999999999905e-10,5.1661719701261525e-21
4.2799999999999883e-10,4.4813789860890686e-10
3.6599999999999905e-10,5.1526536443726446e-21
4.2899999999999883e-10,4.507209776440307e-10
3.6699999999999904e-10,5.1312280793924105e-21
4.299999999999988e-10,4.5253536167389275e-10
3.6799999999999904e-10,5.0991589041736194e-21
4.309999999999988e-10,4.5250874574014675e-10
4.319999999999988e-10,4.5265773716123554e-10
3.6899999999999904e-10,5.049749778849764e-21
4.329999999999988e-10,4.532510717234536e-10
3.6999999999999903e-10,4.9918403344079954e-21
4.339999999999988e-10,4.545711296036228e-10
3.7099999999999903e-10,4.9455879927872325e-21
4.349999999999988e-10,4.5653365277921834e-10
3.71999999999999e-10,4.927765710171703e-21
4.359999999999988e-10,4.592226335495383e-10
3.72999999999999e-10,4.9288814726635416e-21
4.369999999999988e-10,4.6260223250734935e-10
4.379999999999988e-10,4.662733621856715e-10
3.73999999999999e-10,4.931616321566764e-21
4.389999999999988e-10,4.696763542583835e-10
3.74999999999999e-10,4.9358165599104195e-21
4.399999999999988e-10,4.722384845716023e-10
3.75999999999999e-10,4.941289406698482e-21
4.409999999999988e-10,4.727635211521691e-10
3.76999999999999e-10,4.94825018281707e-21
4.419999999999988e-10,4.72813862494107e-10
3.77999999999999e-10,4.956561080363836e-21
4.429999999999988e-10,4.728918505031968e-10
3.78999999999999e-10,4.96522955233873e-21
4.439999999999988e-10,4.729578206947594e-10
3.79999999999999e-10,4.9727081728580885e-21
4.4499999999999877e-10,4.730754389074898e-10
3.80999999999999e-10,4.9808802262070504e-21
4.4599999999999877e-10,4.732284080531365e-10
3.81999999999999e-10,4.987296992077549e-21
4.4699999999999877e-10,4.73413230822234e-10
3.82999999999999e-10,4.994850527534171e-21
4.4799999999999876e-10,4.736318410856317e-10
4.4899999999999876e-10,4.738806826136988e-10
3.83999999999999e-10,5.004000160741776e-21
4.4999999999999876e-10,4.741515861251728e-10
3.84999999999999e-10,5.0111266334180226e-21
4.5099999999999875e-10,4.744257272332163e-10
3.85999999999999e-10,5.0175646510989455e-21
4.5199999999999875e-10,4.746807516470719e-10
3.8699999999999897e-10,5.025204250593029e-21
4.5299999999999875e-10,4.747675080839656e-10
4.5399999999999874e-10,4.745106116697479e-10
3.8799999999999897e-10,5.03315712800309e-21
4.5499999999999874e-10,4.740844578081651e-10
3.8899999999999897e-10,5.037536921159659e-21
4.5599999999999874e-10,4.734878060231636e-10
3.8999999999999896e-10,5.038183340991438e-21
4.5699999999999873e-10,4.729018600232693e-10
3.9099999999999896e-10,5.038345061364696e-21
4.5799999999999873e-10,4.723278421038129e-10
3.9199999999999896e-10,5.03747125978933e-21
4.589999999999987e-10,4.718257921752476e-10
4.599999999999987e-10,4.715121932930624e-10
3.9299999999999895e-10,5.0353929300697426e-21
4.609999999999987e-10,4.716130362524058e-10
3.9399999999999895e-10,5.031230266211711e-21
4.619999999999987e-10,4.719691791773926e-10
3.9499999999999895e-10,5.02308791245471e-21
4.629999999999987e-10,4.722865937384564e-10
3.9599999999999894e-10,5.012319334309306e-21
4.639999999999987e-10,4.722647586808321e-10
3.9699999999999894e-10,4.999615251148691e-21
4.649999999999987e-10,4.721574053366885e-10
3.9799999999999894e-10,4.985620143531193e-21
4.659999999999987e-10,4.720461803212915e-10
4.669999999999987e-10,4.719318293992317e-10
3.9899999999999893e-10,4.973277694230967e-21
4.679999999999987e-10,4.718148818787275e-10
3.9999999999999893e-10,4.9746958011331106e-21
4.689999999999987e-10,4.716760507549202e-10
4.009999999999989e-10,4.977028031060467e-21
4.699999999999987e-10,4.715372160290794e-10
4.019999999999989e-10,4.980571346757526e-21
4.709999999999987e-10,4.714009665769221e-10
4.029999999999989e-10,4.983885703123382e-21
4.719999999999987e-10,4.713502382579774e-10
4.729999999999987e-10,4.717076750667398e-10
4.039999999999989e-10,4.986139517003429e-21
4.739999999999987e-10,4.722553890381853e-10
4.049999999999989e-10,4.982523507912802e-21
4.749999999999987e-10,4.73037458921144e-10
4.059999999999989e-10,4.975789880207085e-21
4.759999999999987e-10,4.740192210908013e-10
4.069999999999989e-10,4.968520239521056e-21
4.769999999999987e-10,4.751217102878209e-10
4.079999999999989e-10,4.9609044554850956e-21
4.779999999999987e-10,4.764502859311107e-10
4.789999999999987e-10,4.780679430550825e-10
4.089999999999989e-10,4.9547587808611074e-21
4.799999999999987e-10,4.798933841670399e-10
4.099999999999989e-10,4.953098335834733e-21
4.809999999999986e-10,4.818580042461169e-10
4.109999999999989e-10,4.96101776868951e-21
4.819999999999986e-10,4.833703909413913e-10
4.119999999999989e-10,4.9858754488309895e-21
4.829999999999986e-10,4.838582740627367e-10
4.129999999999989e-10,5.026890462308967e-21
4.839999999999986e-10,4.845283774295609e-10
4.849999999999986e-10,4.854415262887344e-10
4.139999999999989e-10,5.063861831752802e-21
4.859999999999986e-10,4.866388727361538e-10
4.149999999999989e-10,5.0539371764710105e-21
4.869999999999986e-10,4.879905679049381e-10
4.1599999999999887e-10,5.043523712592701e-21
4.879999999999986e-10,4.897565533641239e-10
4.1699999999999887e-10,5.0496548976374476e-21
4.889999999999986e-10,4.922231967149486e-10
4.1799999999999887e-10,5.057881505032369e-21
4.899999999999986e-10,4.954517275883461e-10
4.909999999999986e-10,4.992923443630962e-10
4.1899999999999886e-10,5.069084855533639e-21
4.919999999999986e-10,5.036003450170307e-10
4.1999999999999886e-10,5.084183087979491e-21
4.929999999999986e-10,5.088982293003059e-10
4.2099999999999886e-10,5.103964862082655e-21
4.939999999999986e-10,5.14814923168794e-10
4.2199999999999885e-10,5.128508624083899e-21
4.949999999999986e-10,5.209565008867969e-10
4.2299999999999885e-10,5.1565778296897796e-21
4.959999999999986e-10,5.269342205665716e-10
4.969999999999986e-10,5.281138576628886e-10
4.2399999999999885e-10,5.177731576788008e-21
4.979999999999986e-10,5.287472498332118e-10
4.2499999999999884e-10,5.197014351985608e-21
4.989999999999986e-10,5.293368714092824e-10
4.2599999999999884e-10,5.21605666689985e-21
4.999999999999986e-10,5.299782675844118e-10
4.2699999999999884e-10,5.230569578634748e-21
5.009999999999986e-10,5.306291465555121e-10
4.2799999999999883e-10,5.246786087551752e-21
5.019999999999986e-10,5.313732907829647e-10
4.2899999999999883e-10,5.268767584188597e-21
5.029999999999986e-10,5.321780211746261e-10
4.299999999999988e-10,5.297378359874654e-21
5.039999999999986e-10,5.327643102534244e-10
4.309999999999988e-10,5.3162005036363734e-21
5.049999999999986e-10,5.332134349556885e-10
4.319999999999988e-10,5.319914498820956e-21
5.059999999999986e-10,5.336986167438716e-10
4.329999999999988e-10,5.327881456816945e-21
5.069999999999986e-10,5.342433693308048e-10
5.079999999999986e-10,5.348309931969664e-10
4.339999999999988e-10,5.33591362310515e-21
5.089999999999986e-10,5.35135964949747e-10
4.349999999999988e-10,5.344389399463908e-21
5.099999999999985e-10,5.353944703429084e-10
4.359999999999988e-10,5.3531040787964586e-21
5.109999999999985e-10,5.356833364656664e-10
4.369999999999988e-10,5.3594588579483015e-21
5.119999999999985e-10,5.359246522939465e-10
4.379999999999988e-10,5.360381582755617e-21
5.129999999999985e-10,5.361447556729495e-10
5.139999999999985e-10,5.36277025789519e-10
4.389999999999988e-10,5.356410911793179e-21
5.149999999999985e-10,5.361739721637191e-10
4.399999999999988e-10,5.348515914114832e-21
5.159999999999985e-10,5.360012510925647e-10
4.409999999999988e-10,5.3439051640643545e-21
5.169999999999985e-10,5.357439749042471e-10
4.419999999999988e-10,5.341399969091445e-21
5.179999999999985e-10,5.352068524827414e-10
4.429999999999988e-10,5.341407434780916e-21
5.189999999999985e-10,5.345323937061117e-10
5.199999999999985e-10,5.338178384894458e-10
4.439999999999988e-10,5.341381274949182e-21
5.209999999999985e-10,5.332511565710108e-10
4.4499999999999877e-10,5.343212750127892e-21
5.219999999999985e-10,5.333316591363853e-10
4.4599999999999877e-10,5.346447049888088e-21
5.229999999999985e-10,5.334198638494168e-10
4.4699999999999877e-10,5.350966727730956e-21
5.239999999999985e-10,5.334730138038548e-10
5.249999999999985e-10,5.334778891177948e-10
4.4799999999999876e-10,5.354906329989415e-21
5.259999999999985e-10,5.334222147855863e-10
4.4899999999999876e-10,5.3578909705834945e-21
5.269999999999985e-10,5.333061488201694e-10
4.4999999999999876e-10,5.360088548857201e-21
5.279999999999985e-10,5.332126475149995e-10
4.5099999999999875e-10,5.363423350794995e-21
5.289999999999985e-10,5.331897035680928e-10
5.299999999999985e-10,5.330524564192757e-10
4.5199999999999875e-10,5.368225097504662e-21
5.309999999999985e-10,5.328474621954336e-10
4.5299999999999875e-10,5.375476507339183e-21
5.319999999999985e-10,5.325539085966336e-10
4.5399999999999874e-10,5.386145209015404e-21
5.329999999999985e-10,5.322311405509902e-10
4.5499999999999874e-10,5.399535248045329e-21
5.339999999999985e-10,5.318966507465876e-10
4.5599999999999874e-10,5.418563685614171e-21
5.349999999999985e-10,5.314844635563532e-10
4.5699999999999873e-10,5.446727000332644e-21
5.359999999999985e-10,5.310430019502963e-10
4.5799999999999873e-10,5.479266128398256e-21
5.369999999999985e-10,5.306108377818706e-10
4.589999999999987e-10,5.513877677215586e-21
5.379999999999985e-10,5.304626017554177e-10
5.389999999999984e-10,5.304415106483858e-10
4.599999999999987e-10,5.538855402052495e-21
5.399999999999984e-10,5.303188927172126e-10
4.609999999999987e-10,5.550581348286675e-21
5.409999999999984e-10,5.301335849334348e-10
4.619999999999987e-10,5.557550101991142e-21
5.419999999999984e-10,5.298217614448875e-10
4.629999999999987e-10,5.560976166517622e-21
5.429999999999984e-10,5.293681662472807e-10
4.639999999999987e-10,5.55697547033996e-21
5.439999999999984e-10,5.288533012774295e-10
4.649999999999987e-10,5.541441589269999e-21
5.449999999999984e-10,5.28373163988307e-10
4.659999999999987e-10,5.517912276441152e-21
5.459999999999984e-10,5.278573526888964e-10
4.669999999999987e-10,5.49181208046607e-21
5.469999999999984e-10,5.274675288063663e-10
4.679999999999987e-10,5.4786523083868346e-21
5.479999999999984e-10,5.274464194121549e-10
4.689999999999987e-10,5.484799287900938e-21
5.489999999999984e-10,5.274536626095231e-10
4.699999999999987e-10,5.5072910858540154e-21
5.499999999999984e-10,5.274554407824007e-10
4.709999999999987e-10,5.5309239676603674e-21
5.509999999999984e-10,5.274277380986954e-10
4.719999999999987e-10,5.5553978229011646e-21
5.519999999999984e-10,5.273033823759032e-10
4.729999999999987e-10,5.572376522880386e-21
5.529999999999984e-10,5.269362189060078e-10
5.539999999999984e-10,5.261911165031583e-10
4.739999999999987e-10,5.581534050980142e-21
5.549999999999984e-10,5.252629447133039e-10
4.749999999999987e-10,5.582740128214265e-21
5.559999999999984e-10,5.245584008056005e-10
4.759999999999987e-10,5.58395551065701e-21
5.569999999999984e-10,5.242202814042814e-10
4.769999999999987e-10,5.5853093592749136e-21
5.579999999999984e-10,5.239959622069168e-10
4.779999999999987e-10,5.586881402861257e-21
5.589999999999984e-10,5.236378328428791e-10
4.789999999999987e-10,5.588696187368769e-21
5.599999999999984e-10,5.230807244067735e-10
4.799999999999987e-10,5.590343142420002e-21
5.609999999999984e-10,5.222594155992074e-10
4.809999999999986e-10,5.593197893642959e-21
5.619999999999984e-10,5.211756189484619e-10
5.629999999999984e-10,5.2010107231165e-10
4.819999999999986e-10,5.5969419889523546e-21
5.639999999999984e-10,5.191817822505275e-10
4.829999999999986e-10,5.601999677214316e-21
5.649999999999984e-10,5.184918688939002e-10
4.839999999999986e-10,5.6083135753691666e-21
5.659999999999984e-10,5.181606402032874e-10
4.849999999999986e-10,5.615164422816772e-21
5.669999999999984e-10,5.174840521425022e-10
4.859999999999986e-10,5.615689683566814e-21
5.679999999999983e-10,5.160344674139437e-10
5.689999999999983e-10,5.132491000915569e-10
4.869999999999986e-10,5.61140976222793e-21
5.699999999999983e-10,5.086358461441162e-10
4.879999999999986e-10,5.603747890786323e-21
5.709999999999983e-10,5.024047602757081e-10
4.889999999999986e-10,5.5972483678619016e-21
5.719999999999983e-10,4.953030060772195e-10
4.899999999999986e-10,5.593586206294307e-21
5.729999999999983e-10,4.877397621432356e-10
4.909999999999986e-10,5.592684331839361e-21
5.739999999999983e-10,4.789501587398863e-10
4.919999999999986e-10,5.600485333187566e-21
5.749999999999983e-10,4.672476628435317e-10
5.759999999999983e-10,4.4889013148659824e-10
4.929999999999986e-10,5.607716460096033e-21
5.769999999999983e-10,4.210522139846625e-10
4.939999999999986e-10,5.612539033861166e-21
5.779999999999983e-10,3.812180994075322e-10
4.949999999999986e-10,5.61467079442389e-21
5.789999999999983e-10,3.2795215652328916e-10
4.959999999999986e-10,5.620328368888738e-21
5.799999999999983e-10,2.643884657423268e-10
4.969999999999986e-10,5.62942858860758e-21
5.809999999999983e-10,1.9828347504865594e-10
4.979999999999986e-10,5.6417581250792845e-21
5.819999999999983e-10,1.3875153101326278e-10
4.989999999999986e-10,5.658792184405658e-21
5.829999999999983e-10,1.2031682754100847e-10
5.839999999999983e-10,1.2097389931243525e-10
4.999999999999986e-10,5.679106398419722e-21
5.849999999999983e-10,1.2184034954148223e-10
5.009999999999986e-10,5.698742656297569e-21
5.859999999999983e-10,1.229153102904016e-10
5.019999999999986e-10,5.7184912892369284e-21
5.869999999999983e-10,1.2420850877746542e-10
5.029999999999986e-10,5.737282259141369e-21
5.879999999999983e-10,1.2552579787477928e-10
5.889999999999983e-10,1.2702187148032772e-10
5.039999999999986e-10,5.751928870136806e-21
5.899999999999983e-10,1.286461438090237e-10
5.049999999999986e-10,5.757564512769923e-21
5.909999999999983e-10,1.2990836678188156e-10
5.059999999999986e-10,5.762996186871685e-21
5.919999999999983e-10,1.310825561435885e-10
5.929999999999983e-10,1.3226289650283046e-10
5.069999999999986e-10,5.768039280613446e-21
5.939999999999983e-10,1.3214479145654567e-10
5.079999999999986e-10,5.771725362654445e-21
5.949999999999983e-10,1.3206031716717512e-10
5.959999999999983e-10,1.3193026000799025e-10
5.089999999999986e-10,5.775312447003293e-21
5.969999999999982e-10,1.316766316984194e-10
5.099999999999985e-10,5.778776367826484e-21
5.979999999999982e-10,1.3128369692699089e-10
5.109999999999985e-10,5.781916057397043e-21
5.989999999999982e-10,1.309465675855857e-10
5.119999999999985e-10,5.785865734171756e-21
5.999999999999982e-10,1.3097790070130838e-10
5.129999999999985e-10,5.7892701127976025e-21
6.009999999999982e-10,1.3148014108883883e-10
5.139999999999985e-10,5.792350132262662e-21
6.019999999999982e-10,1.324385250028354e-10
6.029999999999982e-10,1.3305087003715377e-10
5.149999999999985e-10,5.797549430540329e-21
6.039999999999982e-10,1.3314937414306382e-10
5.159999999999985e-10,5.804513751724255e-21
6.049999999999982e-10,1.331923738731023e-10
5.169999999999985e-10,5.8176705575738525e-21
6.059999999999982e-10,1.3320659507889626e-10
5.179999999999985e-10,5.84188425457508e-21
6.069999999999982e-10,1.3319902443611756e-10
5.189999999999985e-10,5.877525503934203e-21
6.079999999999982e-10,1.332264738655308e-10
5.199999999999985e-10,5.915896614868343e-21
6.089999999999982e-10,1.3320916496060516e-10
6.099999999999982e-10,1.3331860605221205e-10
5.209999999999985e-10,5.942336753824687e-21
6.109999999999982e-10,1.335575971004592e-10
5.219999999999985e-10,5.947136930113152e-21
6.119999999999982e-10,1.3388389482498687e-10
5.229999999999985e-10,5.950522919402124e-21
6.129999999999982e-10,1.3429317447399142e-10
5.239999999999985e-10,5.952325365701598e-21
6.139999999999982e-10,1.3476522541685182e-10
5.249999999999985e-10,5.9531199946930035e-21
6.149999999999982e-10,1.351241487160356e-10
5.259999999999985e-10,5.952762881103599e-21
6.159999999999982e-10,1.3521305003037757e-10
6.169999999999982e-10,1.3475386016246826e-10
5.269999999999985e-10,5.9543720277856034e-21
6.179999999999982e-10,1.3339541672468385e-10
5.279999999999985e-10,5.956544044699152e-21
6.189999999999982e-10,1.3162213273429006e-10
5.289999999999985e-10,5.958495527476229e-21
6.199999999999982e-10,1.3171608798777197e-10
5.299999999999985e-10,5.961021459166386e-21
6.209999999999982e-10,1.3281081644216535e-10
6.219999999999982e-10,1.3414283082609456e-10
5.309999999999985e-10,5.9662952522311285e-21
6.229999999999982e-10,1.3556730860788454e-10
5.319999999999985e-10,5.9699204165057445e-21
6.239999999999982e-10,1.373652304259545e-10
5.329999999999985e-10,5.973807932845617e-21
6.249999999999982e-10,1.3968725070139972e-10
5.339999999999985e-10,5.978812737718558e-21
6.259999999999981e-10,1.4265976884642442e-10
6.269999999999981e-10,1.464608323484036e-10
5.349999999999985e-10,5.987547585616549e-21
6.279999999999981e-10,1.5138619617187886e-10
5.359999999999985e-10,6.0007794848134845e-21
6.289999999999981e-10,1.5759543257357722e-10
5.369999999999985e-10,6.0230569795306515e-21
6.299999999999981e-10,1.6613796651317723e-10
5.379999999999985e-10,6.0495939977260016e-21
6.309999999999981e-10,1.7783724610084376e-10
5.389999999999984e-10,6.075425392762545e-21
6.319999999999981e-10,1.9339768581848963e-10
6.329999999999981e-10,2.1321973052122923e-10
5.399999999999984e-10,6.091125031301508e-21
6.339999999999981e-10,2.3715445474976525e-10
5.409999999999984e-10,6.102636062903319e-21
6.349999999999981e-10,2.6420100460604924e-10
5.419999999999984e-10,6.114745527672572e-21
6.359999999999981e-10,2.744049986029309e-10
5.429999999999984e-10,6.1280749142022755e-21
6.369999999999981e-10,2.737316317898768e-10
5.439999999999984e-10,6.1426713037676165e-21
6.379999999999981e-10,2.729841682614828e-10
6.389999999999981e-10,2.723307825624185e-10
5.449999999999984e-10,6.1589067503184165e-21
6.399999999999981e-10,2.720536649133161e-10
5.459999999999984e-10,6.1769863582292956e-21
6.409999999999981e-10,2.722090639065628e-10
5.469999999999984e-10,6.186066852663309e-21
6.419999999999981e-10,2.7286358453683187e-10
5.479999999999984e-10,6.188102232579731e-21
6.429999999999981e-10,2.74143057528175e-10
6.439999999999981e-10,2.759231674802423e-10
5.489999999999984e-10,6.189570465540343e-21
6.449999999999981e-10,2.781031913289258e-10
5.499999999999984e-10,6.192040752663204e-21
6.459999999999981e-10,2.8035136970297203e-10
5.509999999999984e-10,6.195059314315358e-21
6.469999999999981e-10,2.8238144805979055e-10
5.519999999999984e-10,6.1987086825932516e-21
6.479999999999981e-10,2.830613886117777e-10
6.489999999999981e-10,2.8324323047171873e-10
5.529999999999984e-10,6.20292597990833e-21
6.499999999999981e-10,2.834137683065074e-10
5.539999999999984e-10,6.207179660608266e-21
6.509999999999981e-10,2.8361620300802997e-10
5.549999999999984e-10,6.2113917002617426e-21
6.519999999999981e-10,2.8383802110733877e-10
5.559999999999984e-10,6.2115656849065765e-21
6.529999999999981e-10,2.840677957676244e-10
6.539999999999981e-10,2.843428888789259e-10
5.569999999999984e-10,6.211330690906623e-21
6.54999999999998e-10,2.846892035289973e-10
5.579999999999984e-10,6.210833172344576e-21
6.55999999999998e-10,2.8511860120803443e-10
5.589999999999984e-10,6.209941998531012e-21
6.56999999999998e-10,2.856330843534464e-10
5.599999999999984e-10,6.2086207989315806e-21
6.57999999999998e-10,2.8600033443272635e-10
6.58999999999998e-10,2.861714725270861e-10
5.609999999999984e-10,6.206115636039563e-21
6.59999999999998e-10,2.861747964933686e-10
5.619999999999984e-10,6.201652010235683e-21
6.60999999999998e-10,2.8610117104384275e-10
5.629999999999984e-10,6.193480351870462e-21
6.61999999999998e-10,2.8602208855926e-10
5.639999999999984e-10,6.17906609879298e-21
6.62999999999998e-10,2.8596922833052265e-10
6.63999999999998e-10,2.858950023501324e-10
5.649999999999984e-10,6.15374856135733e-21
6.64999999999998e-10,2.8593650254348946e-10
5.659999999999984e-10,6.111583197054935e-21
6.65999999999998e-10,2.8613329852372486e-10
5.669999999999984e-10,6.050492288733498e-21
6.66999999999998e-10,2.864305751058193e-10
5.679999999999983e-10,5.9805698854172784e-21
6.67999999999998e-10,2.868402514032245e-10
5.689999999999983e-10,5.915671504724547e-21
6.68999999999998e-10,2.86620266305185e-10
6.69999999999998e-10,2.861487719798052e-10
5.699999999999983e-10,5.898672652703018e-21
6.70999999999998e-10,2.856326978139774e-10
5.709999999999983e-10,5.898718233432693e-21
6.71999999999998e-10,2.850175444294169e-10
5.719999999999983e-10,5.9010699275555504e-21
6.72999999999998e-10,2.8418717938765306e-10
6.73999999999998e-10,2.829959526682014e-10
5.729999999999983e-10,5.904304149091969e-21
6.74999999999998e-10,2.8063101650867147e-10
5.739999999999983e-10,5.909470379901764e-21
6.75999999999998e-10,2.767661906009586e-10
5.749999999999983e-10,5.917416360625045e-21
6.76999999999998e-10,2.7200833389986535e-10
5.759999999999983e-10,5.929105440265843e-21
6.77999999999998e-10,2.679480310194398e-10
6.78999999999998e-10,2.654754734658967e-10
5.769999999999983e-10,5.9435029151393905e-21
6.79999999999998e-10,2.6495949222637284e-10
5.779999999999983e-10,5.9565004813991036e-21
6.80999999999998e-10,2.6475318181864575e-10
5.789999999999983e-10,5.9611639863485e-21
6.81999999999998e-10,2.6447486626658415e-10
5.799999999999983e-10,5.961082793837181e-21
6.82999999999998e-10,2.641085711533297e-10
5.809999999999983e-10,5.959758019091277e-21
6.839999999999979e-10,2.635708828804999e-10
6.849999999999979e-10,2.626293409196507e-10
5.819999999999983e-10,5.9578135126400754e-21
6.859999999999979e-10,2.608042335958016e-10
5.829999999999983e-10,5.9558282357737266e-21
6.869999999999979e-10,2.5731685655240547e-10
5.839999999999983e-10,5.9542193157051005e-21
6.879999999999979e-10,2.5112296632522604e-10
6.889999999999979e-10,2.4165322169124687e-10
5.849999999999983e-10,5.953640038733495e-21
6.899999999999979e-10,2.2764287816862505e-10
5.859999999999983e-10,5.9546013479866694e-21
6.909999999999979e-10,2.0782010731509538e-10
5.869999999999983e-10,5.962452693303723e-21
6.919999999999979e-10,1.8187441552206952e-10
5.879999999999983e-10,5.972898042843949e-21
6.929999999999979e-10,1.498615167283257e-10
5.889999999999983e-10,5.9840198875381246e-21
6.939999999999979e-10,1.1287472183955647e-10
6.949999999999979e-10,1.0747956435271178e-10
5.899999999999983e-10,5.991264276702089e-21
6.959999999999979e-10,1.0730227312935551e-10
5.909999999999983e-10,5.993899573416498e-21
6.969999999999979e-10,1.0688436596480204e-10
5.919999999999983e-10,5.994646044355813e-21
6.979999999999979e-10,1.0618502562964651e-10
5.929999999999983e-10,5.9954718872948775e-21
6.989999999999979e-10,1.0503000625689162e-10
6.999999999999979e-10,1.0333071371653004e-10
5.939999999999983e-10,5.995843793841669e-21
7.009999999999979e-10,1.0098697137784571e-10
5.949999999999983e-10,5.996977614631149e-21
7.019999999999979e-10,9.769553785792569e-11
5.959999999999983e-10,5.999715607105116e-21
7.029999999999979e-10,9.344590512750837e-11
7.039999999999979e-10,8.790830801507806e-11
5.969999999999982e-10,6.005218336828063e-21
7.049999999999979e-10,8.037619550318562e-11
5.979999999999982e-10,6.0126331472372306e-21
7.059999999999979e-10,7.018550115245872e-11
5.989999999999982e-10,6.0219085250094446e-21
7.069999999999979e-10,5.666559983554921e-11
7.079999999999979e-10,3.907227259974811e-11
5.999999999999982e-10,6.0302862851273536e-21
7.089999999999979e-10,1.7572586266578773e-11
6.009999999999982e-10,6.037164306018359e-21
7.099999999999979e-10,-7.0676765573915414e-12
6.019999999999982e-10,6.040290754654094e-21
7.109999999999979e-10,-2.5015233561455147e-11
6.029999999999982e-10,6.040554492180107e-21
7.119999999999979e-10,-2.5952695034738296e-11
7.129999999999978e-10,-2.758272380053276e-11
6.039999999999982e-10,6.0411751765027306e-21
7.139999999999978e-10,-2.9798165649145673e-11
6.049999999999982e-10,6.0448695243832936e-21
7.149999999999978e-10,-3.173813070788171e-11
6.059999999999982e-10,6.051160333792711e-21
7.159999999999978e-10,-3.274508566303722e-11
7.169999999999978e-10,-3.274323049301351e-11
6.069999999999982e-10,6.05807134279276e-21
7.179999999999978e-10,-3.2738555826915257e-11
6.079999999999982e-10,6.06623232820376e-21
7.189999999999978e-10,-3.274026860245828e-11
6.089999999999982e-10,6.077944495458952e-21
7.199999999999978e-10,-3.274545019365842e-11
6.099999999999982e-10,6.09236326961542e-21
7.209999999999978e-10,-3.2756076713696623e-11
7.219999999999978e-10,-3.277896221018022e-11
6.109999999999982e-10,6.108724664721191e-21
7.229999999999978e-10,-3.280757205761313e-11
6.119999999999982e-10,6.126862002185792e-21
7.239999999999978e-10,-3.283157769576438e-11
6.129999999999982e-10,6.1465977314489234e-21
7.249999999999978e-10,-3.286777088223333e-11
6.139999999999982e-10,6.1668663640064635e-21
7.259999999999978e-10,-3.291746357973272e-11
7.269999999999978e-10,-3.2980435527964975e-11
6.149999999999982e-10,6.183504704739798e-21
7.279999999999978e-10,-3.3047810540177323e-11
6.159999999999982e-10,6.1897966865599624e-21
7.289999999999978e-10,-3.3118151189625065e-11
6.169999999999982e-10,6.198392261528012e-21
7.299999999999978e-10,-3.318305647149019e-11
6.179999999999982e-10,6.211095037993099e-21
7.309999999999978e-10,-3.325086220983845e-11
7.319999999999978e-10,-3.327452921877029e-11
6.189999999999982e-10,6.229022311183456e-21
7.329999999999978e-10,-3.327962875388684e-11
6.199999999999982e-10,6.2499147953877165e-21
7.339999999999978e-10,-3.328930490038339e-11
6.209999999999982e-10,6.263654273677829e-21
7.349999999999978e-10,-3.3304999249530626e-11
6.219999999999982e-10,6.267505792939066e-21
7.359999999999978e-10,-3.331881573958953e-11
6.229999999999982e-10,6.271780436874381e-21
7.369999999999978e-10,-3.3327377006609155e-11
6.239999999999982e-10,6.275931791618612e-21
7.379999999999978e-10,-3.333455087321355e-11
6.249999999999982e-10,6.279656332001103e-21
7.389999999999978e-10,-3.33269442457667e-11
6.259999999999981e-10,6.281378099928553e-21
7.399999999999978e-10,-3.3315682204830764e-11
7.409999999999978e-10,-3.330498244520096e-11
6.269999999999981e-10,6.283391501693959e-21
7.419999999999977e-10,-3.3295810437680167e-11
6.279999999999981e-10,6.287622933035832e-21
7.429999999999977e-10,-3.3287307234704775e-11
6.289999999999981e-10,6.290899240839394e-21
7.439999999999977e-10,-3.3278282167630843e-11
6.299999999999981e-10,6.289105307430074e-21
7.449999999999977e-10,-3.326870116143332e-11
7.459999999999977e-10,-3.3247074935235286e-11
6.309999999999981e-10,6.275382310606543e-21
7.469999999999977e-10,-3.320042212940913e-11
6.319999999999981e-10,6.242231992708083e-21
7.479999999999977e-10,-3.310821972953285e-11
6.329999999999981e-10,6.185988778583881e-21
7.489999999999977e-10,-3.3004550930972986e-11
6.339999999999981e-10,6.124600174565629e-21
7.499999999999977e-10,-3.29301218970581e-11
6.349999999999981e-10,6.075738807592116e-21
7.509999999999977e-10,-3.291396759599998e-11
7.519999999999977e-10,-3.293681416342891e-11
6.359999999999981e-10,6.079750084347804e-21
7.529999999999977e-10,-3.296919064782056e-11
6.369999999999981e-10,6.107776294936578e-21
7.539999999999977e-10,-3.29981232241682e-11
6.379999999999981e-10,6.1502501751317095e-21
7.549999999999977e-10,-3.301859698691608e-11
7.559999999999977e-10,-3.3028228803498276e-11
6.389999999999981e-10,6.197431435720261e-21
7.569999999999977e-10,-3.300041935704991e-11
6.399999999999981e-10,6.257270224508315e-21
7.579999999999977e-10,-3.2969245855788416e-11
6.409999999999981e-10,6.323617791084701e-21
7.589999999999977e-10,-3.293588185872929e-11
6.419999999999981e-10,6.388733144708808e-21
7.599999999999977e-10,-3.290242812651187e-11
7.609999999999977e-10,-3.288705116589884e-11
6.429999999999981e-10,6.405473599642377e-21
7.619999999999977e-10,-3.2882435448714014e-11
6.439999999999981e-10,6.4079022392953685e-21
7.629999999999977e-10,-3.2872818376475e-11
6.449999999999981e-10,6.406326630984012e-21
7.639999999999977e-10,-3.2858695376513454e-11
6.459999999999981e-10,6.3999040883382965e-21
7.649999999999977e-10,-3.2849501112108226e-11
7.659999999999977e-10,-3.28734158235425e-11
6.469999999999981e-10,6.394259376954654e-21
7.669999999999977e-10,-3.2914074442169046e-11
6.479999999999981e-10,6.392415114941528e-21
7.679999999999977e-10,-3.298020426769211e-11
6.489999999999981e-10,6.3942200187782685e-21
7.689999999999977e-10,-3.305916183798007e-11
6.499999999999981e-10,6.397872815358671e-21
7.699999999999977e-10,-3.315923995352691e-11
6.509999999999981e-10,6.403198370290232e-21
7.709999999999976e-10,-3.3282984568410545e-11
7.719999999999976e-10,-3.343296075296153e-11
6.519999999999981e-10,6.4117795557896615e-21
7.729999999999976e-10,-3.360396069699317e-11
6.529999999999981e-10,6.42111417882915e-21
7.739999999999976e-10,-3.378656466342619e-11
6.539999999999981e-10,6.426946569627716e-21
7.749999999999976e-10,-3.397259140213711e-11
6.54999999999998e-10,6.427487917074078e-21
7.759999999999976e-10,-3.415430151204077e-11
7.769999999999976e-10,-3.431549551565734e-11
6.55999999999998e-10,6.4273520222414736e-21
7.779999999999976e-10,-3.4449954907704894e-11
6.56999999999998e-10,6.426485757291293e-21
7.789999999999976e-10,-3.448974567523073e-11
6.57999999999998e-10,6.429892250973208e-21
7.799999999999976e-10,-3.4531923682423e-11
6.58999999999998e-10,6.434322104426667e-21
7.809999999999976e-10,-3.459583491276142e-11
7.819999999999976e-10,-3.4670120389108817e-11
6.59999999999998e-10,6.4388934724743864e-21
7.829999999999976e-10,-3.4745002009771e-11
6.60999999999998e-10,6.4437495294282346e-21
7.839999999999976e-10,-3.478975687816899e-11
6.61999999999998e-10,6.4467349737069075e-21
7.849999999999976e-10,-3.484535821663178e-11
7.859999999999976e-10,-3.49316850973588e-11
6.62999999999998e-10,6.4487340821035245e-21
7.869999999999976e-10,-3.505762796600829e-11
6.63999999999998e-10,6.4511055083501946e-21
7.879999999999976e-10,-3.523090850282786e-11
7.889999999999976e-10,-3.5456926479184374e-11
6.64999999999998e-10,6.454158753797735e-21
7.899999999999976e-10,-3.576821562800455e-11
6.65999999999998e-10,6.458073116807515e-21
7.909999999999976e-10,-3.6202370666780734e-11
6.66999999999998e-10,6.4626009550447265e-21
7.919999999999976e-10,-3.68056090786855e-11
7.929999999999976e-10,-3.7631688242947413e-11
6.67999999999998e-10,6.467730684589783e-21
7.939999999999976e-10,-3.876023194534415e-11
6.68999999999998e-10,6.4724454380543225e-21
7.949999999999976e-10,-4.028865761693331e-11
6.69999999999998e-10,6.475078746409331e-21
7.959999999999976e-10,-4.242630478710987e-11
6.70999999999998e-10,6.475936135920716e-21
7.969999999999976e-10,-4.5393287962022615e-11
7.979999999999976e-10,-4.939268714073994e-11
6.71999999999998e-10,6.4767705898158585e-21
7.989999999999976e-10,-5.46507381807529e-11
6.72999999999998e-10,6.477909952430042e-21
7.999999999999975e-10,-6.126434034005973e-11
6.73999999999998e-10,6.4785241959019374e-21
8.009999999999975e-10,-6.917547291859636e-11
8.019999999999975e-10,-7.803992672734124e-11
6.74999999999998e-10,6.475985588994134e-21
8.029999999999975e-10,-8.127259041954075e-11
6.75999999999998e-10,6.462551094325929e-21
8.039999999999975e-10,-8.034222611899559e-11
6.76999999999998e-10,6.422572833705668e-21
8.049999999999975e-10,-7.998298750259085e-11
6.77999999999998e-10,6.361628519511043e-21
8.059999999999975e-10,-8.011660580971458e-11
8.069999999999975e-10,-8.014383725157037e-11
6.78999999999998e-10,6.321212794939055e-21
8.079999999999975e-10,-8.01416431202615e-11
6.79999999999998e-10,6.317686777071669e-21
8.089999999999975e-10,-8.012785598528017e-11
6.80999999999998e-10,6.328828907029331e-21
8.099999999999975e-10,-8.011361504130927e-11
8.109999999999975e-10,-8.011791886663621e-11
6.81999999999998e-10,6.346801661762319e-21
8.119999999999975e-10,-8.013762753535159e-11
6.82999999999998e-10,6.369325414518567e-21
8.129999999999975e-10,-8.015887428927603e-11
6.839999999999979e-10,6.389730905653366e-21
8.139999999999975e-10,-8.018355704954709e-11
6.849999999999979e-10,6.397194747882534e-21
8.149999999999975e-10,-8.021534733074457e-11
8.159999999999975e-10,-8.025760057814999e-11
6.859999999999979e-10,6.4050789825682244e-21
8.169999999999975e-10,-8.031805080837578e-11
6.869999999999979e-10,6.419956584238329e-21
8.179999999999975e-10,-8.040401064836136e-11
6.879999999999979e-10,6.445363400350661e-21
8.189999999999975e-10,-8.053676893433866e-11
8.199999999999975e-10,-8.069148356838978e-11
6.889999999999979e-10,6.480015837968855e-21
8.209999999999975e-10,-8.081953874814087e-11
6.899999999999979e-10,6.518273654884351e-21
8.219999999999975e-10,-8.087231229375252e-11
6.909999999999979e-10,6.551438510214291e-21
8.229999999999975e-10,-8.093410200766377e-11
8.239999999999975e-10,-8.100062975142392e-11
6.919999999999979e-10,6.563430221724414e-21
8.249999999999975e-10,-8.107017848227755e-11
6.929999999999979e-10,6.5708949385406055e-21
8.259999999999975e-10,-8.115305432252324e-11
6.939999999999979e-10,6.57850761207556e-21
8.269999999999975e-10,-8.123356248403921e-11
8.279999999999975e-10,-8.127187641045363e-11
6.949999999999979e-10,6.586016701788221e-21
8.289999999999974e-10,-8.12959147888741e-11
6.959999999999979e-10,6.594354462891722e-21
8.299999999999974e-10,-8.12838799444699e-11
6.969999999999979e-10,6.602217441616933e-21
8.309999999999974e-10,-8.12224339899769e-11
6.979999999999979e-10,6.606293996294036e-21
8.319999999999974e-10,-8.114494706245169e-11
8.329999999999974e-10,-8.106029689242422e-11
6.989999999999979e-10,6.608444227608219e-21
8.339999999999974e-10,-8.099510378612381e-11
6.999999999999979e-10,6.612660275562656e-21
8.349999999999974e-10,-8.091658434571922e-11
7.009999999999979e-10,6.6194733090049705e-21
8.359999999999974e-10,-8.08335024579701e-11
8.369999999999974e-10,-8.074113128931515e-11
7.019999999999979e-10,6.626437414381273e-21
8.379999999999974e-10,-8.062941720574661e-11
7.029999999999979e-10,6.63255099797507e-21
8.389999999999974e-10,-8.053175554681937e-11
7.039999999999979e-10,6.635943931500841e-21
8.399999999999974e-10,-8.04336141919608e-11
8.409999999999974e-10,-8.031101852908677e-11
7.049999999999979e-10,6.6415581405895116e-21
8.419999999999974e-10,-8.01347193227978e-11
7.059999999999979e-10,6.651146647868262e-21
8.429999999999974e-10,-7.98130425515531e-11
7.069999999999979e-10,6.659984907334405e-21
8.439999999999974e-10,-7.92131786203789e-11
8.449999999999974e-10,-7.809368942905539e-11
7.079999999999979e-10,6.668942747970006e-21
8.459999999999974e-10,-7.622659317315887e-11
7.089999999999979e-10,6.676574569392391e-21
8.469999999999974e-10,-7.362403402474763e-11
7.099999999999979e-10,6.682894138619849e-21
8.479999999999974e-10,-7.080129910838353e-11
8.489999999999974e-10,-6.850732025335398e-11
7.109999999999979e-10,6.68820020531595e-21
8.499999999999974e-10,-6.708601302578882e-11
7.119999999999979e-10,6.6926947287454886e-21
8.509999999999974e-10,-6.703249113185503e-11
7.129999999999978e-10,6.696029923748963e-21
8.519999999999974e-10,-6.710315151271168e-11
7.139999999999978e-10,6.699982326566537e-21
8.529999999999974e-10,-6.717346946171359e-11
7.149999999999978e-10,6.704254169257644e-21
8.539999999999974e-10,-6.726917794176719e-11
7.159999999999978e-10,6.708277812937766e-21
8.549999999999974e-10,-6.740258671128098e-11
8.559999999999974e-10,-6.758934266520948e-11
7.169999999999978e-10,6.714183721598539e-21
8.569999999999974e-10,-6.785259661021343e-11
7.179999999999978e-10,6.722329070656e-21
8.579999999999973e-10,-6.822942004510063e-11
7.189999999999978e-10,6.72943850050622e-21
8.589999999999973e-10,-6.878069109087048e-11
7.199999999999978e-10,6.7295826153846164e-21
8.599999999999973e-10,-6.957827230272336e-11
7.209999999999978e-10,6.7303762891291804e-21
8.609999999999973e-10,-7.077354482724338e-11
8.619999999999973e-10,-7.255707793197736e-11
7.219999999999978e-10,6.7353892847476215e-21
8.629999999999973e-10,-7.518657142701121e-11
7.229999999999978e-10,6.745061864971104e-21
8.639999999999973e-10,-7.827324836038364e-11
7.239999999999978e-10,6.75434475242646e-21
8.649999999999973e-10,-7.985752025595236e-11
8.659999999999973e-10,-7.999020225024265e-11
7.249999999999978e-10,6.751391847824632e-21
8.669999999999973e-10,-8.018523602812348e-11
7.259999999999978e-10,6.745851905183499e-21
8.679999999999973e-10,-8.044259021978335e-11
7.269999999999978e-10,6.740242275715528e-21
8.689999999999973e-10,-8.075287832262149e-11
7.279999999999978e-10,6.734501296404121e-21
8.699999999999973e-10,-8.11053283424272e-11
8.709999999999973e-10,-8.145431727579567e-11
7.289999999999978e-10,6.730626092623097e-21
8.719999999999973e-10,-8.18218064967088e-11
7.299999999999978e-10,6.7288224677136795e-21
8.729999999999973e-10,-8.216160565043857e-11
7.309999999999978e-10,6.728137675597005e-21
8.739999999999973e-10,-8.236215313464442e-11
7.319999999999978e-10,6.728336984146866e-21
8.749999999999973e-10,-8.244090964276768e-11
8.759999999999973e-10,-8.254680116967178e-11
7.329999999999978e-10,6.720724044286322e-21
8.769999999999973e-10,-8.269997133076877e-11
7.339999999999978e-10,6.6954311685448536e-21
8.779999999999973e-10,-8.289964033801665e-11
7.349999999999978e-10,6.658694809724718e-21
8.789999999999973e-10,-8.31621863955082e-11
7.359999999999978e-10,6.636907833380813e-21
8.799999999999973e-10,-8.346455363325564e-11
7.369999999999978e-10,6.635040322959388e-21
8.809999999999973e-10,-8.382715949540126e-11
8.819999999999973e-10,-8.428355539150379e-11
7.379999999999978e-10,6.632614215456396e-21
8.829999999999973e-10,-8.484605919702818e-11
7.389999999999978e-10,6.630386476706956e-21
8.839999999999973e-10,-8.549341630860064e-11
7.399999999999978e-10,6.629558552828251e-21
8.849999999999973e-10,-8.62385158137404e-11
7.409999999999978e-10,6.632499778918947e-21
8.859999999999973e-10,-8.702714189316584e-11
7.419999999999977e-10,6.638399639094061e-21
8.869999999999972e-10,-8.769359868286071e-11
7.429999999999977e-10,6.648087477917103e-21
8.879999999999972e-10,-8.847651295832731e-11
8.889999999999972e-10,-8.938566684466638e-11
7.439999999999977e-10,6.657675438256677e-21
8.899999999999972e-10,-9.04017299846239e-11
7.449999999999977e-10,6.6616531219853504e-21
8.909999999999972e-10,-9.153310385912278e-11
7.459999999999977e-10,6.661809456858132e-21
8.919999999999972e-10,-9.27772654759218e-11
7.469999999999977e-10,6.6619572980846984e-21
8.929999999999972e-10,-9.412400667760987e-11
7.479999999999977e-10,6.662181261800056e-21
8.939999999999972e-10,-9.530732551810763e-11
7.489999999999977e-10,6.662474835813679e-21
8.949999999999972e-10,-9.539134516832628e-11
7.499999999999977e-10,6.662632666752373e-21
8.959999999999972e-10,-9.541910371890313e-11
7.509999999999977e-10,6.6613675056674276e-21
8.969999999999972e-10,-9.538018344384452e-11
7.519999999999977e-10,6.657930317023532e-21
8.979999999999972e-10,-9.544409666068794e-11
7.529999999999977e-10,6.65457940189027e-21
8.989999999999972e-10,-9.548538216589918e-11
7.539999999999977e-10,6.6545946261783006e-21
8.999999999999972e-10,-9.550600646121666e-11
7.549999999999977e-10,6.65828431475478e-21
9.009999999999972e-10,-9.55282349806409e-11
9.019999999999972e-10,-9.554133821704102e-11
7.559999999999977e-10,6.663726183357114e-21
9.029999999999972e-10,-9.555801139815076e-11
7.569999999999977e-10,6.671722145729802e-21
9.039999999999972e-10,-9.556996290723088e-11
7.579999999999977e-10,6.6828618644451426e-21
9.049999999999972e-10,-9.557784014508908e-11
7.589999999999977e-10,6.6996352923403655e-21
9.059999999999972e-10,-9.5585815173376e-11
9.069999999999972e-10,-9.559557230466047e-11
7.599999999999977e-10,6.722663675297628e-21
9.079999999999972e-10,-9.557617990377148e-11
7.609999999999977e-10,6.752920203480749e-21
9.089999999999972e-10,-9.550154196970333e-11
7.619999999999977e-10,6.788689828729272e-21
9.099999999999972e-10,-9.535140288769162e-11
7.629999999999977e-10,6.831251832639217e-21
9.109999999999972e-10,-9.511695323121912e-11
9.119999999999972e-10,-9.479449105211533e-11
7.639999999999977e-10,6.873664852418956e-21
9.129999999999972e-10,-9.437250507653983e-11
7.649999999999977e-10,6.887983268442488e-21
9.139999999999972e-10,-9.386500018319619e-11
7.659999999999977e-10,6.894236707802413e-21
9.149999999999972e-10,-9.331171104633333e-11
7.669999999999977e-10,6.898974267283955e-21
9.159999999999971e-10,-9.28352494056707e-11
7.679999999999977e-10,6.903647783292716e-21
9.169999999999971e-10,-9.266060223933724e-11
7.689999999999977e-10,6.906797328363588e-21
9.179999999999971e-10,-9.317645231821724e-11
9.189999999999971e-10,-9.511566443852663e-11
7.699999999999977e-10,6.909157480686732e-21
9.199999999999971e-10,-9.959110475700683e-11
7.709999999999976e-10,6.912971980242526e-21
9.209999999999971e-10,-1.0694723949733439e-10
7.719999999999976e-10,6.918352151768917e-21
9.219999999999971e-10,-1.1640640840516836e-10
9.229999999999971e-10,-1.2516613808850088e-10
7.729999999999976e-10,6.925755366282618e-21
9.239999999999971e-10,-1.3026723388939982e-10
7.739999999999976e-10,6.93390527247876e-21
9.249999999999971e-10,-1.303767023297826e-10
7.749999999999976e-10,6.944446066113347e-21
9.259999999999971e-10,-1.3041316536316678e-10
7.759999999999976e-10,6.956841310795192e-21
9.269999999999971e-10,-1.3043615419035334e-10
9.279999999999971e-10,-1.3046832529475775e-10
7.769999999999976e-10,6.969630642015559e-21
9.289999999999971e-10,-1.3052327447838874e-10
7.779999999999976e-10,6.982310488889044e-21
9.299999999999971e-10,-1.3067281209134227e-10
7.789999999999976e-10,6.992064107707251e-21
9.309999999999971e-10,-1.3083904164352498e-10
7.799999999999976e-10,6.996496467910456e-21
9.319999999999972e-10,-1.3105917045089536e-10
9.329999999999973e-10,-1.3137132776099087e-10
7.809999999999976e-10,7.002615048110083e-21
9.339999999999974e-10,-1.3177086265141853e-10
7.819999999999976e-10,7.009393385200595e-21
9.349999999999975e-10,-1.3231427245377176e-10
7.829999999999976e-10,7.014461169301488e-21
9.359999999999976e-10,-1.3300278458006248e-10
7.839999999999976e-10,7.016117673900236e-21
9.369999999999977e-10,-1.3350496723662397e-10
7.849999999999976e-10,7.012795333688699e-21
9.379999999999978e-10,-1.3365123334076324e-10
7.859999999999976e-10,7.009285701418889e-21
9.389999999999979e-10,-1.3362597555938939e-10
9.39999999999998e-10,-1.336020731385144e-10
7.869999999999976e-10,7.008522042409705e-21
9.40999999999998e-10,-1.3361098378043805e-10
7.879999999999976e-10,7.007704588771884e-21
9.419999999999982e-10,-1.3362009939719547e-10
7.889999999999976e-10,7.007424264275684e-21
9.429999999999983e-10,-1.3359831823535722e-10
7.899999999999976e-10,7.007360488592816e-21
9.439999999999984e-10,-1.3354128031667803e-10
7.909999999999976e-10,7.007664631597596e-21
9.449999999999985e-10,-1.3345976811294344e-10
7.919999999999976e-10,7.008542471955728e-21
9.459999999999986e-10,-1.3339555903867504e-10
7.929999999999976e-10,7.008800859655636e-21
9.469999999999987e-10,-1.3336978413278764e-10
7.939999999999976e-10,7.009128878268557e-21
9.479999999999988e-10,-1.33302485033214e-10
7.949999999999976e-10,7.009359684913838e-21
9.489999999999989e-10,-1.332011123831227e-10
7.959999999999976e-10,7.008714772484281e-21
9.49999999999999e-10,-1.3306898173808609e-10
9.50999999999999e-10,-1.329091300676506e-10
7.969999999999976e-10,7.008786349139474e-21
9.519999999999992e-10,-1.3273046720247366e-10
7.979999999999976e-10,7.008140323767767e-21
9.529999999999993e-10,-1.3255604215235e-10
7.989999999999976e-10,7.012199321272575e-21
9.539999999999994e-10,-1.3241550131538727e-10
7.999999999999975e-10,7.016330521458878e-21
9.549999999999995e-10,-1.3231638453577465e-10
9.559999999999996e-10,-1.323787398275049e-10
8.009999999999975e-10,7.018899631851728e-21
9.569999999999997e-10,-1.3245877088816466e-10
8.019999999999975e-10,7.017735510289559e-21
9.579999999999998e-10,-1.3254646740853252e-10
8.029999999999975e-10,7.016487270840202e-21
9.589999999999999e-10,-1.326229099323479e-10
8.039999999999975e-10,7.017329250333274e-21
9.6e-10,-1.3266030334878325e-10
8.049999999999975e-10,7.018509250485117e-21
9.61e-10,-1.3266819979675874e-10
8.059999999999975e-10,7.021232954405778e-21
9.620000000000002e-10,-1.3270177116843658e-10
8.069999999999975e-10,7.026608988845012e-21
9.630000000000003e-10,-1.3274525493371377e-10
8.079999999999975e-10,7.035962132177005e-21
9.640000000000004e-10,-1.3281743857638774e-10
8.089999999999975e-10,7.050792047955958e-21
9.650000000000005e-10,-1.329319835586756e-10
8.099999999999975e-10,7.073831089783221e-21
9.660000000000006e-10,-1.330989080995597e-10
9.670000000000007e-10,-1.3336188503076589e-10
8.109999999999975e-10,7.103175773977137e-21
9.680000000000008e-10,-1.338070764419483e-10
8.119999999999975e-10,7.141697098821651e-21
9.690000000000009e-10,-1.3453472037089355e-10
8.129999999999975e-10,7.187586876958568e-21
9.70000000000001e-10,-1.3566113975836303e-10
8.139999999999975e-10,7.237993600222768e-21
9.71000000000001e-10,-1.372682241070229e-10
8.149999999999975e-10,7.264208560851684e-21
9.720000000000012e-10,-1.3924552965510555e-10
8.159999999999975e-10,7.265749413645296e-21
9.730000000000013e-10,-1.4052096540662695e-10
9.740000000000014e-10,-1.405638768224703e-10
8.169999999999975e-10,7.266948844705031e-21
9.750000000000015e-10,-1.4057242314677774e-10
8.179999999999975e-10,7.266205240930664e-21
9.760000000000016e-10,-1.4058215074111144e-10
8.189999999999975e-10,7.26120886423233e-21
9.770000000000017e-10,-1.405949395953343e-10
8.199999999999975e-10,7.245443620377428e-21
9.780000000000018e-10,-1.4060272870901795e-10
9.790000000000019e-10,-1.4060254803436236e-10
8.209999999999975e-10,7.214855654110623e-21
9.80000000000002e-10,-1.406316554577084e-10
8.219999999999975e-10,7.184327752867303e-21
9.81000000000002e-10,-1.407137289445286e-10
8.229999999999975e-10,7.170449991544814e-21
9.820000000000022e-10,-1.4082594056483579e-10
8.239999999999975e-10,7.166758613881205e-21
9.830000000000023e-10,-1.4108595755866495e-10
8.249999999999975e-10,7.16532961024161e-21
9.840000000000024e-10,-1.414487552745625e-10
8.259999999999975e-10,7.168973101842917e-21
9.850000000000025e-10,-1.4191835749539905e-10
9.860000000000026e-10,-1.4254385860748483e-10
8.269999999999975e-10,7.173789790985617e-21
9.870000000000027e-10,-1.4331208035633496e-10
8.279999999999975e-10,7.179185157593204e-21
9.880000000000028e-10,-1.4413569509188295e-10
8.289999999999974e-10,7.184789568830595e-21
9.890000000000029e-10,-1.449221482448069e-10
8.299999999999974e-10,7.18658181769993e-21
9.90000000000003e-10,-1.4523524785503994e-10
8.309999999999974e-10,7.175908194584585e-21
9.91000000000003e-10,-1.4566348243831874e-10
9.920000000000032e-10,-1.4641547557104295e-10
8.319999999999974e-10,7.167674176666731e-21
9.930000000000033e-10,-1.4750391419279877e-10
8.329999999999974e-10,7.162121968536843e-21
9.940000000000034e-10,-1.4872675837542566e-10
8.339999999999974e-10,7.160794422967439e-21
9.950000000000035e-10,-1.4955683242636914e-10
8.349999999999974e-10,7.158788513668586e-21
9.960000000000036e-10,-1.4955198736035576e-10
8.359999999999974e-10,7.156396737643846e-21
9.970000000000037e-10,-1.496402954134902e-10
9.980000000000038e-10,-1.4984193490267047e-10
8.369999999999974e-10,7.15131339606035e-21
9.990000000000039e-10,-1.5017716706055109e-10
8.379999999999974e-10,7.142826218923865e-21
8.389999999999974e-10,7.132216108540919e-21
8.399999999999974e-10,7.126708965390232e-21
8.409999999999974e-10,7.13541148976497e-21
8.419999999999974e-10,7.162983875885234e-21
8.429999999999974e-10,7.189705089091552e-21
8.439999999999974e-10,7.164106292222027e-21
8.449999999999974e-10,7.127528438311611e-21
8.459999999999974e-10,7.111452763270093e-21
8.469999999999974e-10,7.096602560927858e-21
8.479999999999974e-10,7.091526141440396e-21
8.489999999999974e-10,7.095957220658951e-21
8.499999999999974e-10,7.098544262025292e-21
8.509999999999974e-10,7.099195998707546e-21
8.519999999999974e-10,7.101880084702569e-21
8.529999999999974e-10,7.105936463174348e-21
8.539999999999974e-10,7.110092538946291e-21
8.549999999999974e-10,7.114538469358634e-21
8.559999999999974e-10,7.114546395976329e-21
8.569999999999974e-10,7.116145785934313e-21
8.579999999999973e-10,7.11873086775371e-21
8.589999999999973e-10,7.122408036156705e-21
8.599999999999973e-10,7.12843960792381e-21
8.609999999999973e-10,7.139300565073726e-21
8.619999999999973e-10,7.158433700161398e-21
8.629999999999973e-10,7.183877969289463e-21
8.639999999999973e-10,7.205999420295257e-21
8.649999999999973e-10,7.211742130872566e-21
8.659999999999973e-10,7.209068559117684e-21
8.669999999999973e-10,7.20491980387084e-21
8.679999999999973e-10,7.199096664342597e-21
8.689999999999973e-10,7.192072038405239e-21
8.699999999999973e-10,7.18427776790669e-21
8.709999999999973e-10,7.180561240626479e-21
8.719999999999973e-10,7.171609353351621e-21
8.729999999999973e-10,7.160435178589377e-21
8.739999999999973e-10,7.149949764678439e-21
8.749999999999973e-10,7.139186143188185e-21
8.759999999999973e-10,7.135815517333424e-21
8.769999999999973e-10,7.137374232708024e-21
8.779999999999973e-10,7.139332075310637e-21
8.789999999999973e-10,7.14218630697215e-21
8.799999999999973e-10,7.146212499317272e-21
8.809999999999973e-10,7.150307330217194e-21
8.819999999999973e-10,7.156595956016223e-21
8.829999999999973e-10,7.163420512337109e-21
8.839999999999973e-10,7.168985478941069e-21
8.849999999999973e-10,7.17591761774535e-21
8.859999999999973e-10,7.18395067620764e-21
8.869999999999972e-10,7.190976167095524e-21
8.879999999999972e-10,7.19672289812705e-21
8.889999999999972e-10,7.194846265071067e-21
8.899999999999972e-10,7.193061883753938e-21
8.909999999999972e-10,7.192843828990998e-21
8.919999999999972e-10,7.193667414010678e-21
8.929999999999972e-10,7.196284271285823e-21
8.939999999999972e-10,7.201037284470949e-21
8.949999999999972e-10,7.20790314955494e-21
8.959999999999972e-10,7.216642630379947e-21
8.969999999999972e-10,7.227796453912862e-21
8.979999999999972e-10,7.241862410888098e-21
8.989999999999972e-10,7.257009673772567e-21
8.999999999999972e-10,7.268893370233908e-21
9.009999999999972e-10,7.277603370477745e-21
9.019999999999972e-10,7.285693719967154e-21
9.029999999999972e-10,7.292604643313605e-21
9.039999999999972e-10,7.296783044122768e-21
9.049999999999972e-10,7.294406153502406e-21
9.059999999999972e-10,7.289311807443855e-21
9.069999999999972e-10,7.28371873535337e-21
9.079999999999972e-10,7.277555534313027e-21
9.089999999999972e-10,7.270192422149046e-21
9.099999999999972e-10,7.259745970780935e-21
9.109999999999972e-10,7.242516459467771e-21
9.119999999999972e-10,7.216842171448186e-21
9.129999999999972e-10,7.178194533272836e-21
9.139999999999972e-10,7.128553266650392e-21
9.149999999999972e-10,7.065437766307689e-21
9.159999999999971e-10,6.985996437749195e-21
9.169999999999971e-10,6.896238977121345e-21
9.179999999999971e-10,6.806489358331082e-21
9.189999999999971e-10,6.7748765507991485e-21
9.199999999999971e-10,6.745302900024294e-21
9.209999999999971e-10,6.720017203809114e-21
9.219999999999971e-10,6.714668171867394e-21
9.229999999999971e-10,6.7147207041030626e-21
9.239999999999971e-10,6.715679422254859e-21
9.249999999999971e-10,6.716774342276912e-21
9.259999999999971e-10,6.720741842281875e-21
9.269999999999971e-10,6.728406483927471e-21
9.279999999999971e-10,6.7397468331798434e-21
9.289999999999971e-10,6.7549986564496735e-21
9.299999999999971e-10,6.7734397979525165e-21
9.309999999999971e-10,6.792452026963372e-21
9.319999999999972e-10,6.803827322157284e-21
9.329999999999973e-10,6.806625729490184e-21
9.339999999999974e-10,6.809560568004811e-21
9.349999999999975e-10,6.81104654223514e-21
9.359999999999976e-10,6.811383229156863e-21
9.369999999999977e-10,6.806509515909487e-21
9.379999999999978e-10,6.793205517927113e-21
9.389999999999979e-10,6.768452410235183e-21
9.39999999999998e-10,6.740774535159242e-21
9.40999999999998e-10,6.711859037330917e-21
9.419999999999982e-10,6.69804320625728e-21
9.429999999999983e-10,6.6960271556064225e-21
9.439999999999984e-10,6.692579434473963e-21
9.449999999999985e-10,6.6881887923147635e-21
9.459999999999986e-10,6.684394381432533e-21
9.469999999999987e-10,6.686446239176683e-21
9.479999999999988e-10,6.691725819878234e-21
9.489999999999989e-10,6.696478666638273e-21
9.49999999999999e-10,6.701777074616746e-21
9.50999999999999e-10,6.711076862816036e-21
9.519999999999992e-10,6.727196411569726e-21
9.529999999999993e-10,6.741101888657337e-21
9.539999999999994e-10,6.756441249428232e-21
9.549999999999995e-10,6.772074497632396e-21
9.559999999999996e-10,6.786018469756539e-21
9.569999999999997e-10,6.793551376297811e-21
9.579999999999998e-10,6.795560426032382e-21
9.589999999999999e-10,6.798462398036715e-21
9.6e-10,6.804968247783448e-21
9.61e-10,6.814848382737874e-21
9.620000000000002e-10,6.825968886966442e-21
9.630000000000003e-10,6.831524155230506e-21
9.640000000000004e-10,6.836837387800513e-21
9.650000000000005e-10,6.843479921683857e-21
9.660000000000006e-10,6.851986803098267e-21
9.670000000000007e-10,6.862649972010896e-21
9.680000000000008e-10,6.875706651882616e-21
9.690000000000009e-10,6.88858786711651e-21
9.70000000000001e-10,6.898435719676839e-21
9.71000000000001e-10,6.901753124167705e-21
9.720000000000012e-10,6.906494689541167e-21
9.730000000000013e-10,6.91147356308118e-21
9.740000000000014e-10,6.917087189910837e-21
9.750000000000015e-10,6.920969740869902e-21
9.760000000000016e-10,6.923496855434712e-21
9.770000000000017e-10,6.925887907542974e-21
9.780000000000018e-10,6.92752454879074e-21
9.790000000000019e-10,6.92591152742924e-21
9.80000000000002e-10,6.924651255752942e-21
9.81000000000002e-10,6.92355875814174e-21
9.820000000000022e-10,6.922583515800863e-21
9.830000000000023e-10,6.921685165824532e-21
9.840000000000024e-10,6.920945541225064e-21
9.850000000000025e-10,6.920366083081866e-21
9.860000000000026e-10,6.919651961867176e-21
9.870000000000027e-10,6.917308744977232e-21
9.880000000000028e-10,6.916409172155507e-21
9.890000000000029e-10,6.917350356043169e-21
9.90000000000003e-10,6.915522455764115e-21
9.91000000000003e-10,6.907737110153628e-21
